userId;itemId;score
23;233;0.5221747044567927
23;244;0.4778252955432073
23;655;0.0
46;244;0.9745405262465481
46;251;0.0
82;244;0.6947185901281773
82;251;0.20352093991454834
82;655;0.10176046995727417
106;244;0.0
106;655;0.9999999997937995
119;196;0.0
119;244;0.9999999999999998
119;655;0.0
119;659;0.0
175;244;1.0
175;251;0.0
178;196;0.0
178;244;0.9999999999999554
178;655;0.0
178;663;0.0
186;196;0.8965844413603363
186;244;0.0
186;251;0.0
196;196;0.9211582807921183
196;233;0.0
196;244;0.0
196;646;0.0
196;655;0.0
278;196;0.0
278;244;1.0
291;196;0.0
291;244;0.0
291;655;0.9996847658168011
311;244;0.0
311;383;0.0
311;655;0.8686244814504702
326;196;0.9039679149268048
326;244;0.0
326;383;0.0
346;192;0.9947691676544411
346;244;0.0
346;655;0.0
346;663;0.0
366;244;1.0
366;383;0.0
366;655;0.0
367;196;0.0
367;244;0.9999999721664038
367;646;0.0
367;655;0.0
370;233;0.0
370;244;0.9999999999999999
370;251;0.0
371;196;0.9583767277498425
371;244;0.0
371;383;0.0
371;655;0.0
372;244;0.5770930519553819
372;251;0.4229069480446181
403;196;0.0
403;206;0.1407454062963221
403;217;0.0
403;219;0.12213828593616247
403;221;0.1351708041247768
403;224;0.0
403;225;0.0
403;233;0.17969572524277835
403;238;0.19099216520279116
403;244;0.0
403;245;0.0
403;383;0.0
403;651;0.0
418;193;0.0
418;194;0.0
418;196;0.42364012201477685
418;201;0.0
418;206;0.0
418;209;0.0
418;215;0.0
418;217;0.0
418;218;0.0
418;219;0.0
418;220;0.0
418;221;0.0
418;222;0.0
418;224;0.0
418;225;0.0
418;233;0.0
418;238;0.0
418;244;0.35717861458933675
418;651;0.0
418;655;0.21918126339584626
420;196;1.0
465;244;0.5094714061585214
465;251;0.0
465;655;0.0
465;681;0.49052859384147857
480;244;0.0
480;655;0.9987738296345376
480;663;0.0
521;244;0.0
521;251;0.9063229525230145
546;196;0.5732783108162524
546;244;0.4267216891837473
556;221;0.0
556;244;0.9850407448781574
556;655;0.0
556;681;0.0
565;196;1.0000000000000004
600;196;1.0
600;244;0.0
600;251;0.0
600;663;0.0
607;244;0.9999999640902073
607;646;0.0
607;655;0.0
627;196;0.10724684737817315
627;244;0.7345899248993052
627;251;0.0
627;655;0.15816322772252167
642;244;0.999693017205156
642;245;0.0
649;244;0.7043148849111132
649;655;0.0
649;681;0.2953588812733753
674;233;0.0
674;244;0.9999999444127416
674;251;0.0
685;191;0.0
685;196;0.9999999999994885
697;244;1.0
707;196;0.23840081894115003
707;244;0.727801735387077
707;655;0.0
707;681;0.0
717;191;0.0
717;244;0.9997814692378906
717;251;0.0
717;655;0.0
717;663;0.0
808;244;1.0
810;244;0.1930259032351901
810;655;0.80697409676481
810;659;0.0
866;191;0.0
866;196;0.9975342841673166
866;244;0.0
866;251;0.0
866;655;0.0
876;217;0.0
876;218;0.0
876;219;0.5216085861940521
876;220;0.39120643964553914
876;244;0.0
877;196;0.9548636451911465
877;244;0.0
877;655;0.0
896;244;1.0
924;244;0.9999999999999579
924;655;0.0
930;244;0.9999999999955306
930;655;0.0
938;191;0.0
938;224;0.0
938;233;0.0
938;251;0.9744577891685005
938;655;0.0
946;196;0.6196309947017211
946;221;0.12110144053732143
946;244;0.25926756476095747
956;193;0.0
956;196;0.1718224339644799
956;233;0.0
956;244;0.5299308638557123
956;651;0.0
956;655;0.11911374046542678
956;681;0.17913294676400143
963;191;0.0
963;196;0.0
963;233;0.0
963;244;0.9994676143764271
963;251;0.0
963;655;0.0
968;244;0.9999999999998668
968;655;0.0
986;196;1.0
1025;244;0.7546615196865312
1025;245;0.24525388153206887
1025;383;0.0
1025;644;0.0
1025;648;0.0
1025;655;0.0
1025;656;0.0
1025;657;0.0
1025;659;0.0
1025;663;0.0
1053;244;1.0
1053;251;0.0
1053;659;0.0
1090;196;0.6970066502873591
1090;214;0.0
1090;244;0.0
1090;383;0.0
1090;655;0.0
1090;681;0.0
1106;191;0.0
1106;192;0.0
1106;196;0.0
1106;225;0.0
1106;244;0.8762988865210442
1106;251;0.0
1106;646;0.0
1106;663;0.0
1106;681;0.11761274901932962
1118;244;0.9999999999996864
1118;655;0.0
1160;244;0.4999999999839122
1160;245;0.0
1160;251;0.5000000000160878
1160;383;0.0
1160;659;0.0
1163;196;0.5235358178210111
1163;244;0.47646418217898906
1163;655;0.0
1184;196;0.6824471410807745
1184;244;0.31755285891922547
1188;196;0.9999719104422746
1188;244;0.0
1198;244;0.9999999999999997
1198;251;0.0
1200;244;0.9253959841571641
1200;655;0.0
1235;196;0.0
1235;244;0.8438772140337265
1235;655;0.0
1235;659;0.0
1235;681;0.1560905822885095
1242;221;0.0
1242;225;0.0
1242;244;0.627033376477271
1242;251;0.0
1242;646;0.0
1242;655;0.0
1242;659;0.0
1242;663;0.0
1242;681;0.0
1249;196;0.9942744893029629
1249;244;0.0
1249;655;0.0
1249;663;0.0
1259;244;0.6122174006944748
1259;251;0.2199580283294567
1259;646;0.12586842823205066
1259;655;0.0
1259;663;0.0
1298;244;0.0
1298;245;0.0
1298;383;0.9999975271858327
1301;196;1.0
1324;196;0.0
1324;244;0.9270874764253788
1324;251;0.0
1324;655;0.0
1324;663;0.0
1330;244;0.9999999059829683
1330;251;0.0
1330;646;0.0
1330;655;0.0
1330;659;0.0
1330;663;0.0
1356;244;0.8852860909793722
1356;251;0.0
1356;383;0.0
1356;681;0.10508857858755796
1359;244;0.41755751504510685
1359;251;0.0
1359;655;0.5824424810920177
1359;663;0.0
1376;196;0.0
1376;233;0.0
1376;244;0.8269452760247078
1376;251;0.0
1376;655;0.14930126871358865
1401;196;0.0
1401;244;0.9870116764693606
1401;251;0.0
1401;655;0.0
1416;244;0.8775800280034494
1416;681;0.12241997199655082
1442;244;1.0
1443;196;0.0
1443;244;0.9665861658808146
1443;646;0.0
1451;196;0.11451807502245714
1451;244;0.0
1451;655;0.8461794682123468
1501;216;0.0
1501;225;0.0
1501;233;0.0
1501;244;0.9999999999181947
1501;251;0.0
1504;201;0.0
1504;221;0.0
1504;244;0.9994726042129796
1504;251;0.0
1504;655;0.0
1524;224;0.0
1524;244;0.5000212813455166
1524;251;0.499978718652254
1529;201;0.15752582242376753
1529;222;0.0
1529;224;0.0
1529;233;0.0
1529;244;0.776385655774805
1529;251;0.0
1551;196;0.0
1551;244;0.9965145632450071
1551;251;0.0
1569;233;0.0
1569;244;0.9965238047831202
1569;655;0.0
1585;244;0.999372676087248
1585;251;0.0
1589;193;0.1878378402779548
1589;196;0.0
1589;209;0.1878378402779548
1589;244;0.0
1589;655;0.6101626419363084
1589;663;0.0
1602;206;0.0
1602;221;0.0
1602;238;0.0
1602;244;0.9823421532645722
1602;663;0.0
1616;196;1.0
1621;196;1.0
1633;196;0.9999998733989968
1633;244;0.0
1633;655;0.0
1644;244;0.9634177848940687
1644;251;0.0
1651;196;0.0
1651;244;0.6448900114202616
1651;251;0.352587195465511
1651;383;0.0
1651;655;0.0
1651;659;0.0
1651;663;0.0
1671;244;0.8160787765334998
1671;646;0.0
1671;655;0.10105030817969773
1671;663;0.0
1671;681;0.0
1693;244;0.0
1693;646;0.9999999987572687
1704;233;0.0
1704;244;0.9344615238232852
1704;655;0.0
1704;681;0.0
1722;196;1.0
1733;191;0.0
1733;196;0.990122377541188
1733;244;0.0
1768;196;0.0
1768;244;0.9693244652350121
1768;655;0.0
1770;244;0.20553741923828206
1770;655;0.2041366845323015
1770;681;0.5903258962294164
1784;196;0.0
1784;244;0.7684253783950643
1784;251;0.2315746216049355
1808;233;0.0
1808;244;1.0
1808;655;0.0
1808;663;0.0
1830;244;0.973841011336739
1830;251;0.0
1831;196;1.0
1848;196;0.5188689939953002
1848;244;0.27165316823462904
1848;383;0.0
1848;655;0.20361138693206676
1848;663;0.0
1869;244;1.0
1910;233;0.0
1910;244;0.9999999938495303
1910;655;0.0
1917;196;0.0
1917;244;0.91545439368636
1917;655;0.0
1923;244;0.0
1923;655;0.9554271369175691
1923;659;0.0
1923;663;0.0
1929;244;0.7627036694467827
1929;251;0.0
1929;681;0.23729633055321692
1946;196;0.6903054058337799
1946;244;0.3096945941662204
1946;663;0.0
1948;196;0.5140586150279159
1948;233;0.0
1948;244;0.48594138494296546
1948;655;0.0
1948;663;0.0
1961;224;0.0
1961;244;0.6668771487318913
1961;655;0.0
1961;681;0.333122851268099
1970;196;0.7689862422495511
1970;221;0.0
1970;244;0.0
1970;655;0.10034533313248593
1970;659;0.0
1970;681;0.0
1983;244;1.0
1983;245;0.0
1987;193;0.49999999999999994
1987;196;0.3194373320870035
1987;209;0.1805626679129965
2008;244;1.0
2038;244;0.30533518178680213
2038;383;0.6310543099261366
2038;646;0.0
2038;655;0.0
2038;663;0.0
2056;196;0.9294575233534894
2056;251;0.0
2060;244;1.0
2060;655;0.0
2060;659;0.0
2060;663;0.0
2075;196;0.5338041835141094
2075;244;0.46619581648589037
2090;193;0.0
2090;209;0.0
2090;233;0.8479667105388039
2090;244;0.15203021993983606
2090;655;0.0
2090;663;0.0
2103;244;0.9999999999999969
2103;251;0.0
2147;196;0.0
2147;206;0.14285678347099948
2147;215;0.14285678347099948
2147;216;0.14285678347099948
2147;218;0.14285678347099948
2147;224;0.14285678347099948
2147;225;0.28571356694199895
2147;244;0.0
2147;655;0.0
2147;663;0.0
2161;244;0.7515787344505708
2161;251;0.12111234602857052
2161;655;0.12730891952085885
2183;244;0.9999999986679072
2183;655;0.0
2187;222;0.0
2187;233;0.0
2187;238;0.0
2187;244;0.0
2187;245;0.0
2187;251;0.9998265817079969
2187;383;0.0
2197;244;0.2946362277589606
2197;245;0.0
2197;383;0.0
2197;655;0.7053619489702245
2197;659;0.0
2230;191;0.0
2230;244;1.0
2300;196;1.0
2303;216;0.0
2303;225;0.0
2303;244;1.0
2303;251;0.0
2319;196;0.6015832561137225
2319;244;0.39841674388627746
2328;221;0.0
2328;238;0.0
2328;244;0.9324597936369119
2328;651;0.0
2328;655;0.0
2332;244;0.0
2332;251;0.0
2332;646;0.8446816936587429
2332;655;0.10766393722384036
2367;196;0.0
2367;233;0.0
2367;244;0.10886069952993024
2367;383;0.3020289883273324
2367;655;0.30937895250497555
2367;681;0.23696208509122244
2377;196;0.0
2377;244;0.35935434229849783
2377;251;0.0
2377;646;0.0
2377;655;0.36821024093423527
2377;659;0.0
2377;681;0.27243541675540867
2402;244;0.972907379181176
2402;251;0.0
2402;655;0.0
2412;196;0.29607113298547
2412;244;0.7039288670145301
2433;196;0.43292985563156383
2433;244;0.0
2433;655;0.4141055704753863
2433;681;0.15296456845761716
2448;244;0.9999997793455535
2448;383;0.0
2470;196;0.2618101849075086
2470;244;0.7381898150908068
2470;655;0.0
2473;196;0.25432526145737033
2473;244;0.6883144249693798
2473;383;0.0
2473;681;0.0
2475;196;0.9833006422896162
2475;244;0.0
2475;655;0.0
2489;244;0.9999999999999998
2489;655;0.0
2497;244;1.0
2500;244;1.0
2502;233;0.24200722304697878
2502;244;0.33239903845579066
2502;251;0.13682838416354165
2502;655;0.16776174281019943
2502;681;0.12100361152348939
2519;196;0.4030300880761211
2519;244;0.4706520639288533
2519;383;0.12631784799502563
2530;196;0.2594873117771333
2530;244;0.22024060607722368
2530;251;0.0
2530;383;0.0
2530;655;0.0
2530;681;0.5202717181173824
2551;244;0.9999999999999998
2604;244;1.0
2606;244;0.9999999999999999
2606;251;0.0
2606;655;0.0
2627;196;0.8532909236585386
2627;244;0.14670907634146138
2634;196;1.0
2634;233;0.0
2634;244;0.0
2634;659;0.0
2669;196;0.8148586372722448
2669;233;0.0
2669;244;0.0
2669;251;0.0
2669;655;0.10107772554334436
2669;659;0.0
2669;663;0.0
2669;681;0.0
2719;233;0.0
2719;244;0.9920467426814402
2719;655;0.0
2781;196;0.6630244157008615
2781;244;0.3369755842991385
2801;244;0.8988728129871031
2801;251;0.0
2801;644;0.0
2801;655;0.10112718701289704
2801;663;0.0
2824;191;0.0
2824;192;0.0
2824;196;0.14296233599880873
2824;201;0.0
2824;209;0.0
2824;214;0.0
2824;215;0.0
2824;219;0.0
2824;221;0.0
2824;222;0.0
2824;225;0.0
2824;233;0.3424043340419086
2824;244;0.3890892694265502
2824;245;0.0
2824;251;0.0
2824;253;0.0
2824;383;0.0
2824;646;0.0
2824;648;0.0
2824;657;0.0
2837;233;0.0
2837;244;1.0
2837;655;0.0
2867;244;0.5493235272020014
2867;655;0.4506764727979986
2868;244;0.0
2868;655;0.9897838775856987
2868;659;0.0
2868;663;0.0
2880;193;0.9150167225456844
2880;209;0.0
2917;196;0.9053303834317489
2917;244;0.0
2917;245;0.0
2917;655;0.0
2917;663;0.0
2917;681;0.0
2931;191;0.0
2931;244;0.7050107122409849
2931;383;0.294989287759015
2937;233;0.0
2937;244;0.9999999999999261
2954;244;0.0
2954;245;0.0
2954;251;0.0
2954;655;0.9316288954383357
2959;192;0.0
2959;244;0.0
2959;251;0.0
2959;655;0.9654312243161085
2959;659;0.0
2959;663;0.0
2961;244;0.9999999999999999
2980;196;0.9970716822843149
2980;233;0.0
2980;244;0.0
2984;196;0.9960321598738092
2984;655;0.0
2996;209;0.0
2996;244;0.9995232377070931
2996;655;0.0
2996;659;0.0
2996;663;0.0
3006;219;0.0
3006;221;0.0
3006;222;0.0
3006;238;0.0
3006;244;0.0
3006;245;0.0
3006;383;0.0
3006;655;0.6736521182939683
3006;681;0.2965521644975087
3046;196;1.0
3054;196;0.9960157229526221
3054;244;0.0
3054;251;0.0
3063;196;0.804795631919755
3063;244;0.19520436808024513
3074;196;0.0
3074;244;0.9999999724171119
3074;245;0.0
3074;655;0.0
3086;244;0.3342978548504536
3086;655;0.6657021451495464
3091;206;0.0
3091;244;0.0
3091;383;0.9999999986784288
3094;196;0.0
3094;244;0.9988851199713238
3102;191;0.0
3102;233;0.0
3102;244;0.973317542188469
3102;655;0.0
3124;224;0.0
3124;244;0.749018629277416
3124;383;0.12549068536129193
3124;659;0.0
3124;681;0.12549068536129193
3138;244;0.9989149021842212
3138;655;0.0
3139;193;0.4999977858531438
3139;233;0.0
3139;244;0.500002213580631
3139;251;0.0
3139;655;0.0
3158;196;1.0000000000000002
3188;196;1.0
3188;244;0.0
3194;193;0.0
3194;201;0.0
3194;215;0.18181818181818177
3194;216;0.0
3194;217;0.0
3194;220;0.0
3194;221;0.0
3194;233;0.0
3194;238;0.0
3194;651;0.0
3197;193;0.0
3197;206;0.0
3197;209;0.0
3197;221;0.8550280874100904
3197;244;0.0
3199;244;0.9999999999999841
3199;251;0.0
3199;655;0.0
3218;233;0.0
3218;244;0.9999300171960872
3218;251;0.0
3218;655;0.0
3223;196;0.9999814597229244
3223;244;0.0
3290;196;0.0
3290;244;0.0
3290;251;0.9941545486403325
3330;221;0.0
3330;238;0.0
3330;244;0.9999999821506187
3330;655;0.0
3339;196;0.8582144865088034
3339;244;0.14178551349119614
3340;244;0.231575193345122
3340;245;0.0
3340;655;0.7684248066548782
3340;663;0.0
3348;244;1.0
3371;238;0.0
3371;244;0.16546129956385203
3371;245;0.3253909720362047
3371;251;0.0
3371;383;0.0
3371;646;0.0
3371;655;0.48808645805430706
3371;663;0.0
3379;244;0.0
3379;646;0.0
3379;655;0.9999163925201158
3379;659;0.0
3379;663;0.0
3390;196;0.19832503334984014
3390;244;0.8015876197405256
3390;655;0.0
3390;659;0.0
3390;663;0.0
3392;244;0.5447080194082643
3392;655;0.4552919805917355
3395;196;0.6629803946223365
3395;244;0.337019605377662
3395;655;0.0
3434;196;0.9999546817587669
3434;244;0.0
3434;383;0.0
3474;196;0.0
3474;221;0.0
3474;244;0.5896954457501481
3474;655;0.28577603285379244
3474;681;0.12437022218203637
3488;196;0.5054413973267387
3488;244;0.49455860267326135
3503;196;0.9295044354594313
3503;383;0.0
3503;655;0.0
3507;196;0.8449102233237804
3507;244;0.11987546437794232
3507;655;0.0
3516;244;0.9972857830482793
3516;655;0.0
3524;201;0.0
3524;215;0.0
3524;218;0.5714285711871604
3524;219;0.2857142856338154
3524;224;0.14285714285714288
3524;225;0.0
3536;196;0.9871131905477416
3536;244;0.0
3536;251;0.0
3538;233;0.0
3538;244;0.3424658873860583
3538;245;0.0
3538;251;0.0
3538;383;0.0
3538;646;0.575717158025553
3538;655;0.0
3563;244;0.10288811161213965
3563;251;0.6318638534141461
3563;655;0.0
3563;681;0.2146233137788214
3585;196;0.0
3585;244;0.9189027084968661
3585;655;0.0
3585;659;0.0
3585;681;0.0
3596;193;0.5066240352024601
3596;209;0.4933759647975398
3611;196;0.0
3611;244;0.9103228810030914
3611;646;0.0
3611;655;0.0
3619;244;0.8157850709165717
3619;655;0.18421492908342832
3624;196;0.0
3624;244;0.9273364968200517
3624;655;0.0
3636;244;1.0
3636;251;0.0
3636;383;0.0
3636;655;0.0
3664;244;1.0
3664;655;0.0
3664;659;0.0
3677;196;1.0
3686;244;0.4153544753295591
3686;251;0.0
3686;646;0.0
3686;655;0.578055746143921
3711;196;1.0
3724;244;0.9999999999999999
3724;655;0.0
3724;663;0.0
3732;196;0.9071362175532451
3732;224;0.0
3732;244;0.0
3742;193;0.6371228076380708
3742;221;0.0
3742;224;0.0
3742;225;0.0
3742;651;0.14515087694477163
3752;244;0.9999999999999998
3752;655;0.0
3754;196;0.5233102143513573
3754;233;0.0
3754;244;0.47668978522068894
3754;655;0.0
3779;196;0.0
3779;244;0.8278852310373559
3779;251;0.17207328427651136
3792;244;0.9945915845617268
3792;383;0.0
3792;646;0.0
3798;191;0.0
3798;233;0.0
3798;244;0.9999999999999997
3799;191;0.38387112083212827
3799;196;0.0
3799;233;0.12136944420354157
3799;244;0.3719447573998683
3799;251;0.12136789162834127
3799;655;0.0
3803;233;0.0
3803;244;0.4395331126122517
3803;655;0.5604666772701379
3827;196;0.9699243721540831
3827;244;0.0
3827;659;0.0
3833;233;0.0
3833;244;0.5477980356910817
3833;383;0.0
3833;681;0.45220192629422645
3837;244;0.9936432904762321
3837;251;0.0
3837;646;0.0
3843;196;0.9632674083378968
3843;201;0.0
3843;206;0.0
3843;219;0.0
3843;220;0.0
3843;221;0.0
3843;244;0.0
3843;648;0.0
3843;651;0.0
3882;244;0.0
3882;383;0.0
3882;655;0.0
3882;659;0.0
3882;681;0.9971025232243289
3886;244;1.0
3891;233;0.0
3891;244;1.0
3910;196;0.0
3910;244;0.0
3910;655;0.9975439433853859
3910;663;0.0
3920;196;0.0
3920;244;0.3879502106795031
3920;245;0.0
3920;655;0.0
3920;659;0.0
3920;681;0.6120497892387601
3937;196;0.28158034258479037
3937;233;0.0
3937;244;0.18220135809267768
3937;655;0.13214124507199634
3937;681;0.4040770542505358
3961;196;0.0
3961;206;0.0
3961;244;0.9748956364831747
3961;383;0.0
3961;655;0.0
3970;244;0.0
3970;655;0.0
3970;681;0.87429890591766
3979;193;0.16666666666666666
3979;201;0.25
3979;206;0.16666666666666666
3979;209;0.0
3979;221;0.0
3979;224;0.0
3979;251;0.0
3979;651;0.0
3985;233;0.0
3985;244;0.9770527974922714
3999;196;1.0
3999;244;0.0
4000;233;0.0
4000;244;0.9999993361164417
4001;244;1.0
4001;251;0.0
4012;192;0.0
4012;196;0.6927608096689108
4012;233;0.1490513806887486
4012;244;0.15818780964234033
4012;251;0.0
4023;244;0.9999999999999997
4023;251;0.0
4023;655;0.0
4028;233;0.0
4028;244;0.3964659428836059
4028;245;0.0
4028;251;0.0
4028;655;0.5502165368860391
4028;663;0.0
4028;681;0.0
4040;244;0.9999982662948369
4040;251;0.0
4040;655;0.0
4040;663;0.0
4049;244;0.9999999999999998
4049;655;0.0
4070;244;0.8360309925101793
4070;655;0.0
4070;681;0.0
4072;244;0.5611941047441004
4072;655;0.43880589525589964
4072;657;0.0
4072;659;0.0
4088;192;0.0
4088;206;0.0
4088;221;0.0
4088;222;0.0
4088;233;0.0
4088;238;0.0
4088;244;0.2355392977541269
4088;251;0.0
4088;383;0.22811587310724846
4088;655;0.3378648913516618
4088;681;0.0
4147;244;0.33613883563842484
4147;655;0.6638611643615753
4151;196;0.753839064468887
4151;244;0.2461609355311131
4151;655;0.0
4157;233;0.14385778734255725
4157;244;0.8561422126574427
4157;245;0.0
4157;655;0.0
4157;657;0.0
4157;659;0.0
4184;196;0.0
4184;233;0.0
4184;244;0.9999439272341608
4184;655;0.0
4222;244;0.7715286242884734
4222;655;0.2284713757115265
4239;196;0.0
4239;201;0.0
4239;215;0.0
4239;219;0.0
4239;244;1.0
4250;196;1.0
4258;196;0.0
4258;244;0.9795566817868426
4258;251;0.0
4258;663;0.0
4285;196;1.0
4286;196;0.0
4286;244;0.8565252843049451
4286;655;0.1434747156950549
4286;659;0.0
4286;663;0.0
4296;244;1.0
4310;244;0.34430164876786706
4310;383;0.0
4310;655;0.0
4310;681;0.6497626289544152
4315;191;0.16330009872848406
4315;196;0.8114474574034212
4315;244;0.0
4334;244;1.0
4371;196;1.0
4371;663;0.0
4375;196;0.0
4375;233;0.0
4375;244;0.9247066817211324
4375;251;0.0
4375;383;0.0
4375;655;0.0
4385;244;0.9999999999381626
4385;646;0.0
4385;655;0.0
4385;659;0.0
4391;233;0.0
4391;238;0.0
4391;244;0.9999996367945325
4391;251;0.0
4391;655;0.0
4391;659;0.0
4397;244;0.43087677774835054
4397;245;0.2845616111258248
4397;655;0.0
4397;681;0.2845616111258248
4434;238;0.0
4434;244;1.0
4485;244;0.9999999999999906
4485;251;0.0
4485;383;0.0
4513;244;0.9999999999999967
4513;646;0.0
4546;244;1.0
4551;196;0.0
4551;244;0.9866911298028239
4553;196;0.0
4553;244;0.0
4553;251;0.0
4553;655;0.999319271919925
4553;663;0.0
4564;193;0.0
4564;196;0.0
4564;201;0.49999866902616774
4564;209;0.0
4564;219;0.0
4564;220;0.5000010443456832
4576;244;0.17392002452686572
4576;251;0.0
4576;655;0.0
4576;663;0.0
4576;681;0.7599633376508516
4578;244;0.9999999999999993
4591;191;0.0
4591;196;0.0
4591;225;0.0
4591;244;0.5428756704888248
4591;251;0.0
4591;655;0.0
4591;681;0.45235064591649654
4595;196;0.7213499387829324
4595;244;0.2575779229261693
4595;245;0.0
4595;655;0.0
4613;196;0.9999999999993979
4613;655;0.0
4614;196;1.0
4620;244;1.0
4620;655;0.0
4634;191;0.0
4634;196;0.999999999598112
4634;244;0.0
4642;196;0.0
4642;233;0.0
4642;244;0.9999994081977741
4642;245;0.0
4642;251;0.0
4642;253;0.0
4642;659;0.0
4646;196;0.0
4646;244;0.9166138842010465
4646;251;0.0
4646;655;0.0
4646;663;0.0
4658;196;0.0
4658;244;0.9999999999981459
4658;251;0.0
4658;651;0.0
4658;655;0.0
4672;196;0.10379459472495067
4672;244;0.29103582230435027
4672;383;0.4764801551825725
4672;655;0.1286894277881267
4672;663;0.0
4677;196;1.0
4682;196;0.9999961116616498
4682;244;0.0
4682;251;0.0
4706;196;0.5480072447334368
4706;244;0.0
4706;245;0.0
4706;251;0.0
4706;383;0.21280142777239416
4706;655;0.0
4706;681;0.15880651678563956
4709;244;0.3821941530184905
4709;655;0.13401083793545923
4709;681;0.4837950090460502
4711;244;0.0
4711;655;0.0
4711;659;0.0
4711;663;0.0
4711;681;0.9999986647620585
4730;244;0.9999999999999999
4730;655;0.0
4730;659;0.0
4765;244;0.9999999999999992
4765;655;0.0
4765;663;0.0
4767;196;0.43927860782248507
4767;244;0.5016419015193586
4767;655;0.0
4767;663;0.0
4771;244;0.8187461849311356
4771;251;0.18125381506886426
4772;196;0.0
4772;244;0.9999999999999999
4772;663;0.0
4786;201;0.0
4786;224;0.0
4786;244;0.9957102259812863
4786;655;0.0
4804;220;0.0
4804;244;0.49789724511790967
4804;655;0.46985939406426336
4804;663;0.0
4825;196;1.0
4832;244;1.0
4832;655;0.0
4832;663;0.0
4839;193;0.22468423510613153
4839;196;0.0
4839;244;0.6979898345331348
4844;196;0.7948819473558961
4844;244;0.2051180526440976
4844;251;0.0
4844;646;0.0
4874;233;0.0
4874;244;0.0
4874;681;1.0
4877;244;0.8707241162279526
4877;251;0.12927588377204738
4891;193;0.0
4891;196;0.6223407572140887
4891;209;0.0
4891;244;0.29968867315160475
4891;251;0.0
4891;655;0.0
4907;196;0.2775346709942685
4907;233;0.0
4907;244;0.0
4907;646;0.0
4907;655;0.5110241514442997
4907;681;0.2114411775614217
4914;244;0.8906346360079594
4914;251;0.10936536399204044
4948;244;0.25773373155925816
4948;655;0.742266268440742
4977;196;0.2893478305274785
4977;244;0.0
4977;383;0.0
4977;655;0.7106521563272665
4979;221;0.0
4979;244;1.0
4979;655;0.0
4979;663;0.0
4984;196;0.0
4984;244;0.937219732392603
4984;655;0.0
4984;681;0.0
4996;220;0.0
4996;244;0.0
4996;655;0.9676623311359567
4996;663;0.0
5002;244;1.0
5002;655;0.0
5017;196;0.9983331965535986
5017;244;0.0
5017;655;0.0
5027;196;0.7131021096472309
5027;244;0.286897890352769
5035;221;0.0
5035;244;0.9983368431303302
5035;655;0.0
5042;221;0.0
5042;244;0.9283140136045407
5042;655;0.0
5053;233;0.15434813917931062
5053;244;0.8456518608206893
5053;251;0.0
5062;196;0.9999999498826699
5062;244;0.0
5067;196;0.7134961365665978
5067;244;0.0
5067;655;0.2844172480479857
5069;244;0.7972361552564886
5069;383;0.0
5069;655;0.202763844743506
5123;244;1.0
5123;251;0.0
5124;196;0.6464852451734631
5124;244;0.35351475482592865
5124;251;0.0
5129;193;0.0
5129;244;0.8826810008868284
5129;251;0.11731899911317181
5133;244;0.4034162576484288
5133;681;0.5965837423515712
5163;214;0.0
5163;244;0.17094708248303445
5163;655;0.8290529175169656
5182;244;0.3582066467849644
5182;245;0.0
5182;655;0.6417933532150357
5184;244;0.9999999999999999
5238;201;0.0
5238;215;0.0
5238;224;0.0
5238;225;0.0
5238;244;0.0
5238;655;0.8629780703657316
5262;244;0.0
5262;646;0.24262236732358433
5262;655;0.6769617159244887
5269;196;0.15024346961565493
5269;244;0.8497565303843417
5269;655;0.0
5282;244;0.9999999999999999
5284;196;0.8454014953113306
5284;244;0.15459850320006574
5284;655;0.0
5291;244;0.0
5291;251;0.9999718380225954
5309;201;0.9995949153372506
5309;244;0.0
5309;648;0.0
5309;655;0.0
5309;663;0.0
5349;196;0.0
5349;244;1.0
5357;244;0.9999999999999998
5357;251;0.0
5357;655;0.0
5357;663;0.0
5373;244;1.0
5373;655;0.0
5374;192;0.0
5374;196;0.0
5374;244;0.683285800629661
5374;245;0.14976588654138556
5374;655;0.0
5374;681;0.14976588604500685
5399;196;1.0
5400;244;0.9999999999548144
5400;245;0.0
5400;655;0.0
5414;196;0.0
5414;253;0.27822432488044607
5414;383;0.0
5414;655;0.7164254938181408
5419;196;0.9120503614074081
5419;244;0.0
5435;244;0.747463157841278
5435;251;0.25253684215872163
5467;196;0.6235985437847626
5467;244;0.0
5467;251;0.0
5467;383;0.0
5467;646;0.23436127521313027
5467;655;0.0
5467;659;0.0
5467;663;0.0
5470;196;0.8949399380683744
5470;244;0.10506006193162415
5470;646;0.0
5478;244;0.0
5478;655;0.9999999791420182
5499;244;1.0
5499;655;0.0
5501;191;0.0
5501;244;0.0
5501;251;0.9022071185789146
5521;196;0.5045404468780695
5521;244;0.49545955312192036
5521;655;0.0
5547;193;0.0
5547;196;0.0
5547;209;0.0
5547;233;0.0
5547;244;0.7336850055060793
5547;655;0.26630377402444083
5547;659;0.0
5547;663;0.0
5564;244;0.5456381881121981
5564;383;0.0
5564;646;0.15677433015326125
5564;655;0.0
5564;681;0.297557416711144
5575;196;1.0000000000000002
5594;244;0.0
5594;383;0.9999999999999999
5595;194;0.12296502608742595
5595;201;0.12296502608742595
5595;224;0.12296502608742595
5595;225;0.12296502608742595
5595;233;0.12296502608742595
5595;244;0.0
5595;245;0.2459300521748519
5595;383;0.0
5595;651;0.12296502608742595
5595;655;0.0
5604;244;1.0
5604;383;0.0
5604;655;0.0
5614;196;0.45719690998416784
5614;244;0.5428030900158323
5615;196;0.0
5615;244;1.0
5615;251;0.0
5619;244;0.9861851642088817
5619;251;0.0
5619;655;0.0
5642;244;0.8246346172998464
5642;655;0.0
5642;659;0.0
5642;663;0.0
5642;681;0.0
5645;196;0.5177510135319967
5645;244;0.48224898646800335
5667;244;1.0
5677;233;0.0
5677;244;1.0
5677;251;0.0
5697;244;1.0
5733;244;0.0
5733;251;0.0
5733;655;0.4999457443695095
5733;663;0.0
5733;681;0.4999457443695095
5744;196;0.18368942463068158
5744;244;0.6898944263531971
5744;251;0.12641614901612208
5745;225;0.4887510975785082
5745;244;0.2981701201640762
5745;251;0.21307878225741553
5745;655;0.0
5764;196;0.6454980525093061
5764;244;0.32025390200807297
5764;251;0.0
5783;193;0.0
5783;196;0.0
5783;244;0.9981049359765888
5839;196;0.85102848271662
5839;655;0.14897151728337993
5844;196;0.5447682444625971
5844;244;0.45523175553740297
5846;191;0.1444455711410106
5846;244;0.8555544288589894
5846;655;0.0
5846;663;0.0
5847;196;0.4803505147065845
5847;219;0.0
5847;244;0.5196494711860715
5847;251;0.0
5847;655;0.0
5855;244;0.9999997300184154
5855;251;0.0
5855;655;0.0
5872;244;0.9268860479885779
5872;655;0.0
5872;663;0.0
5883;244;0.797332990572654
5883;681;0.202667009427346
5908;233;0.0
5908;244;1.0000000000000002
5908;383;0.0
5908;659;0.0
5919;196;0.1656568475928555
5919;224;0.0
5919;233;0.0
5919;244;0.0
5919;251;0.0
5919;383;0.0
5919;648;0.0
5919;651;0.0
5919;655;0.7929752359492329
5919;659;0.0
5919;663;0.0
5925;196;0.5679234682062648
5925;218;0.0
5925;219;0.0
5925;222;0.3721097946811903
5926;201;0.0
5926;222;0.0
5926;244;0.9257033830565021
5926;251;0.0
5934;244;0.9424206135726418
5934;251;0.0
5934;655;0.0
5940;196;0.0
5940;244;0.9999999999999056
5940;655;0.0
5940;663;0.0
5947;196;0.9999999964616503
5947;244;0.0
5947;245;0.0
5973;196;0.0
5973;244;0.9728772020966872
5989;244;0.5662743941962626
5989;251;0.0
5989;655;0.43372560580373737
6016;244;1.0000000000000002
6016;251;0.0
6031;244;0.0
6031;655;0.999999942863744
6052;244;1.0
6052;663;0.0
6069;244;0.9914878144859136
6069;251;0.0
6069;659;0.0
6071;233;0.0
6071;244;0.9999999999999302
6071;383;0.0
6071;655;0.0
6071;659;0.0
6088;201;0.0
6088;225;0.12247707918386253
6088;244;0.7532230389008406
6088;383;0.0
6088;655;0.0
6098;196;0.0
6098;244;0.9258226106416979
6099;221;0.0
6099;233;0.0
6099;244;0.9999980898187647
6099;646;0.0
6099;655;0.0
6102;196;0.8787717952931533
6102;222;0.0
6102;244;0.0
6102;655;0.11585837156038398
6102;663;0.0
6110;244;0.9999988756537668
6110;251;0.0
6110;655;0.0
6137;196;0.2969488591753189
6137;233;0.0
6137;244;0.7029928506295822
6137;251;0.0
6137;655;0.0
6139;244;0.9999999999999999
6142;233;0.0
6142;244;0.9404845940623141
6142;251;0.0
6143;196;1.0
6225;244;0.9999999999999999
6306;196;0.9841782418525375
6306;233;0.0
6306;244;0.0
6306;245;0.0
6306;655;0.0
6306;659;0.0
6346;244;1.0
6346;655;0.0
6363;196;0.0
6363;233;0.0
6363;244;0.9999999999999997
6363;251;0.0
6363;655;0.0
6363;659;0.0
6363;663;0.0
6386;244;0.9999999999999999
6386;655;0.0
6387;196;0.0
6387;244;0.3908781803581633
6387;251;0.0
6387;655;0.2779503920214236
6387;657;0.0
6387;659;0.0
6387;681;0.3158349624764156
6392;244;1.0
6394;196;0.0
6394;233;0.44818012832726545
6394;244;0.5518198716727347
6394;655;0.0
6423;244;0.9999999999999997
6431;251;0.9999999999999999
6516;196;0.9565734550076807
6516;681;0.0
6603;244;0.7913163721618476
6603;251;0.0
6603;681;0.2086836278381523
6624;196;0.0
6624;233;0.0
6624;244;0.14907630706459807
6624;655;0.8503260131119179
6626;196;0.0
6626;224;0.0
6626;233;0.0
6626;244;0.9999692628108838
6626;383;0.0
6631;244;0.3163186652932668
6631;655;0.6836813347067334
6633;244;0.6199775592424922
6633;655;0.380022437727641
6633;659;0.0
6654;196;0.0
6654;244;0.9876958029382822
6654;655;0.0
6682;196;0.9999999999999998
6704;244;0.0
6704;251;0.0
6704;655;0.9999984098518746
6704;659;0.0
6704;663;0.0
6707;244;1.0000000000000002
6707;251;0.0
6761;196;0.9999998825079491
6761;244;0.0
6761;655;0.0
6765;196;0.17088403322405607
6765;244;0.8291159667759441
6765;655;0.0
6765;663;0.0
6769;196;0.0
6769;221;0.0
6769;244;0.9999999869671917
6769;655;0.0
6769;663;0.0
6773;244;0.9795933949535502
6773;251;0.0
6780;196;0.3814787827097726
6780;233;0.0
6780;244;0.5916773976207428
6780;655;0.0
6802;244;0.0
6802;655;1.0
6850;196;0.1763818664588205
6850;244;0.8236181335411794
6850;251;0.0
6862;206;0.0
6862;215;0.0
6862;218;0.11920288706505998
6862;219;0.8807959897521813
6862;221;0.0
6862;222;0.0
6862;224;0.0
6862;238;0.0
6884;233;0.18025426861011576
6884;244;0.5727974088274232
6884;251;0.0
6884;646;0.0
6884;655;0.22193371510951565
6930;196;1.0
6931;196;0.9999999999999998
6943;201;0.2498136239840375
6943;233;0.2498136239840375
6943;244;0.25022997357999055
6943;655;0.2501427784519344
6954;218;0.0
6954;219;0.0
6954;220;0.0
6954;244;0.5461930869750773
6954;251;0.0
6954;655;0.4152815911051311
6954;663;0.0
6968;196;0.0
6968;244;0.0
6968;655;0.999967331779916
6981;233;0.0
6981;244;0.9980589289723389
6981;655;0.0
7053;196;1.0
7059;191;0.0
7059;196;0.9906727487546456
7059;244;0.0
7060;196;0.1560355795436836
7060;244;0.7373303865143384
7060;383;0.106634033941978
7060;655;0.0
7064;244;0.9979310104619477
7064;251;0.0
7064;655;0.0
7064;663;0.0
7095;196;0.7362927930297828
7095;224;0.0
7095;244;0.0
7095;655;0.14457761544973982
7095;656;0.0
7095;659;0.0
7107;233;0.40407263634143353
7107;244;0.0
7107;383;0.0
7107;655;0.0
7107;681;0.5805657329134027
7223;244;0.0
7223;383;0.9202433057074422
7230;244;0.9999999999999997
7247;196;1.0000000000000007
7305;196;0.0
7305;214;0.0
7305;244;0.5391447095928521
7305;251;0.4579006883205815
7493;193;0.0
7493;201;0.21701517782481963
7493;215;0.0
7493;217;0.0
7493;218;0.0
7493;219;0.15603976572075615
7493;220;0.0
7493;221;0.0
7493;224;0.0
7493;225;0.0
7493;233;0.0
7493;238;0.0
7497;196;1.0
7672;655;1.0
