id	ior	uor	equipe
2565	1	101	289788
1616	1	114	114
1585	1	114	289804
890	1	174	174
2611	1	174	289825
3734	1	232	232
2347	1	291	291
174	1	291	289865
3757	1	321	321
3697	1	321	289869
3716	1	342	342
215	1	365	365
2237	1	365	289900
1813	1	378	378
3708	1	395	395
1108	1	528	528
3592	1	551	551
356	1	566	566
2468	1	566	290001
3950	1	566	290003
1298	1	580	580
1828	1	615	290059
1134	1	624	624
1634	1	624	290068
313	1	643	290081
1084	1	697	697
1208	1	697	290124
2318	1	697	290127
2181	1	697	290133
2332	1	697	290134
3970	1	744	759
1809	1	744	290156
3142	1	744	290162
2403	1	760	760
2114	1	760	290168
848	1	760	290173
147	1	794	794
1069	1	814	814
2228	1	814	290210
2227	1	814	290211
891	1	844	844
1991	1	844	290219
875	1	844	290224
1561	1	844	290230
3942	1	877	290243
1113	1	877	290245
2982	1	877	290246
2941	1	882	882
3496	1	917	290266
3104	1	917	290272
3013	1	917	290274
1508	1	930	930
1541	1	930	954
3538	1	930	290277
694	1	957	957
2687	1	959	959
2428	1	959	290289
1424	1	999	999
3802	1	999	290320
2705	1	999	290323
2514	1	999	290325
1397	1	999	290329
483	1	999	290330
3435	1	1033	1033
618	1	1033	290353
3375	1	1033	290358
3037	1	1053	1053
476	1	1055	1055
847	1	1055	290374
440	1	1055	327985
460	1	1077	1077
1097	1	1077	327954
3019	1	1104	290423
1136	1	1123	1123
502	1	1137	1137
2266	1	1145	1145
1624	1	1149	327883
3210	1	1158	1158
711	1	1158	327946
2794	1	1162	1162
2427	1	1177	290509
2916	1	1182	1182
825	1	1182	1198
1524	1	1200	1200
1562	1	1200	290526
203	1	1221	1221
1525	1	1221	290536
1699	1	1258	290549
1684	1	1279	290562
3311	1	1282	1282
3081	1	1282	290571
3439	1	1287	290580
1360	1	1289	1289
1172	1	1289	290587
3270	1	1305	290610
1350	1	1313	1313
279	1	1321	290634
3285	1	1321	290639
2991	1	1321	290641
652	1	1330	290660
1188	1	1343	1343
1180	1	1343	327953
1745	1	1360	1360
3083	1	1411	1411
3941	1	1444	1444
1735	1	1444	290725
2128	1	1455	1455
3004	1	1483	290770
1223	1	1483	290772
1513	1	1496	290777
3414	1	1505	1505
1931	1	1514	290801
3023	1	1525	1525
3921	1	1533	1533
3451	1	1533	290825
3528	1	1533	290826
3764	1	1547	1547
1476	1	1552	1552
2039	1	1552	290842
3204	1	1564	290854
2872	1	1564	290856
964	1	1590	1590
1685	1	1590	290873
2245	1	1593	290883
3539	1	1607	1607
1943	1	1626	1626
729	1	1632	1632
3531	1	1632	290929
2802	1	1648	1648
3625	1	1655	1655
2340	1	1658	1658
1957	1	1658	290962
3690	1	1658	290963
2516	1	1686	290973
1614	1	1686	290976
1374	1	1696	1696
2193	1	1700	1700
3732	1	1700	290999
2033	1	1712	1712
1004	1	1714	1714
3242	1	1716	1716
34	1	1730	1730
1372	1	1734	1734
238	1	1734	291040
2796	1	1736	1736
436	1	1739	1739
1787	1	1739	1760
562	1	1739	291061
3799	1	1776	1776
1101	1	1787	291106
1195	1	1787	291107
1206	1	1787	291111
3828	1	1799	1799
1975	1	1799	291123
445	1	1809	1809
2589	1	1809	291135
2083	1	1809	291136
3784	1	1809	291141
2561	1	1809	291144
2249	1	1820	291150
2620	1	1827	1827
3338	1	1827	291158
3398	1	1830	1830
3065	1	1840	1840
3468	1	1846	291194
1642	1	1853	291206
930	1	1864	291220
3781	1	1864	291221
2666	1	1864	291223
2629	1	1884	1884
3215	1	1896	1896
3231	1	1898	1898
1968	1	1898	291245
2072	1	1898	291250
1867	1	1898	291252
1058	1	1908	1908
1092	1	1908	291260
1401	1	1908	291261
1461	1	1908	291262
3571	1	1926	291282
3851	1	1940	1940
969	1	1940	291292
3087	1	1948	1948
898	1	1948	1953
255	1	1954	1954
1652	1	1956	1956
1423	1	1956	291316
659	1	1973	1973
796	1	1973	291350
137	1	1973	291353
2678	1	1991	1991
3046	1	2001	2001
3715	1	2001	291372
1451	1	2001	291374
2011	1	2014	2014
3579	1	2031	291414
2270	1	2050	291438
1065	1	2056	327876
619	1	2069	2069
2592	1	2072	2072
1135	1	2075	291480
651	1	2095	2095
3220	1	2100	2100
219	1	2100	291501
1452	1	2110	2110
806	1	2110	291511
783	1	2125	2125
3932	1	2148	2148
3703	1	2148	291542
1248	1	2167	291553
1261	1	2176	2176
3096	1	2184	2184
1766	1	2184	2194
401	1	2254	2254
3106	1	2282	2282
1850	1	2289	2289
631	1	2289	291681
1682	1	2289	291683
347	1	2289	291688
2474	1	2297	2297
3334	1	2297	291696
3920	1	2303	2303
2282	1	2318	2318
992	1	2332	2332
2259	1	2339	2339
2286	1	2339	291742
3094	1	2357	291767
2560	1	2357	291769
234	1	2362	2362
2827	1	2366	2366
524	1	2386	2386
3366	1	2388	291819
2647	1	2406	291840
1025	1	2423	2423
1106	1	2430	291872
229	1	2442	2442
426	1	2452	2452
3572	1	2469	2469
1610	1	2475	2475
2506	1	2482	2482
4104	1	2492	2492
3634	1	2492	291941
974	1	2492	291942
3565	1	2498	2498
3735	1	2513	1700
2644	1	2520	2520
2513	1	2531	2531
776	1	2535	2535
622	1	2535	291985
2694	1	2544	291998
2264	1	2547	2547
1796	1	2547	291999
2020	1	2553	2553
2543	1	2555	2555
2542	1	2555	2556
692	1	2557	2559
1834	1	2571	2571
867	1	2573	2573
560	1	2586	2586
3694	1	2612	2612
2084	1	2614	2614
2130	1	2616	292069
458	1	2621	2621
2585	1	2624	2624
3350	1	2626	2626
3134	1	2636	292096
2712	1	2705	2705
2617	1	2705	292122
1933	1	2705	292126
181	1	2705	292129
411	1	2705	292132
3319	1	2733	2733
3507	1	2733	292160
3927	1	2738	2738
2077	1	2738	292163
2400	1	2740	2740
1474	1	2746	2746
109	1	2746	292173
358	1	2753	2753
2460	1	2753	292190
3002	1	2764	2764
769	1	2764	292201
3329	1	2764	292202
3975	1	2773	292224
1599	1	2781	2781
1606	1	2781	292227
794	1	2795	2795
700	1	2805	2805
2973	1	2812	2812
2615	1	2812	292260
2389	1	2814	0
2261	1	2817	2817
3860	1	2820	292282
1035	1	2823	2823
2952	1	2839	2839
1408	1	2848	292321
507	1	2853	2853
1464	1	2859	292340
3162	1	2859	292346
447	1	2872	2872
1658	1	2883	2883
628	1	2899	2899
2619	1	2919	2919
3766	1	2926	2926
1272	1	2940	2940
3245	1	2956	2956
1563	1	2956	292454
224	1	2968	2968
2198	1	2968	292479
3017	1	2968	292481
975	1	2984	2984
760	1	2984	292497
738	1	2992	292501
2942	1	2992	292508
2316	1	3005	3005
1882	1	3005	292515
2291	1	3005	292521
2278	1	3014	3014
2373	1	3024	3024
3969	1	3024	292540
2149	1	3026	3026
3541	1	3036	3036
2000	1	3049	3049
578	1	3062	3062
3287	1	3067	3067
743	1	3070	292605
351	1	3073	3073
682	1	3081	327988
955	1	3091	3091
735	1	3094	3094
1739	1	3120	292678
3612	1	3134	3134
446	1	3158	3158
3054	1	3163	3163
3600	1	3163	292712
3814	1	3174	3174
3441	1	3185	3185
1949	1	3191	3191
3148	1	3191	292747
3332	1	3191	292748
755	1	3191	292753
1844	1	3219	3219
3498	1	3219	292772
1236	1	3229	3229
2618	1	3229	292782
1222	1	3240	3240
1449	1	3240	292792
3221	1	3254	3254
2504	1	3295	3295
805	1	3298	3298
3756	1	3319	3319
1344	1	3319	292882
1217	1	3319	292884
3536	1	3319	292886
3906	1	3319	292887
3648	1	3319	292890
451	1	3319	292895
2031	1	3337	292903
1958	1	3351	3351
3480	1	3351	292924
1041	1	3351	292930
319	1	3351	292931
874	1	3359	292939
1664	1	3366	292943
922	1	3371	3371
3510	1	3371	292956
1262	1	3380	292958
3472	1	3387	3387
3294	1	3387	292968
3105	1	3387	292969
1060	1	3389	3389
3769	1	3396	292987
608	1	3398	3398
663	1	3398	292999
1040	1	3419	3419
2276	1	3421	3426
1332	1	3421	293024
469	1	3421	293032
1572	1	3427	293041
638	1	3427	293044
2884	1	3437	3437
2998	1	3437	293055
3299	1	3442	3442
2422	1	3442	293074
660	1	3451	3451
211	1	3451	293088
237	1	3451	293089
3323	1	3467	3467
3692	1	3467	449949
956	1	3470	293102
3744	1	3481	293117
3356	1	3481	293119
2789	1	3486	293131
2787	1	3494	3494
3006	1	3497	3497
1121	1	3504	3504
1448	1	3513	293177
3372	1	3517	3517
2014	1	3523	3523
1626	1	3531	3531
425	1	3531	293207
2153	1	3559	327799
1158	1	3564	3564
2785	1	3564	293240
2994	1	3582	3582
2548	1	3592	293267
1042	1	3594	3594
407	1	3601	3601
2763	1	3623	3623
2378	1	3625	3625
2642	1	3630	3630
1990	1	3630	293339
327	1	3630	293341
3972	1	3639	3639
812	1	3643	3643
3563	1	3643	342490
1542	1	3653	293366
200	1	3659	293381
2336	1	3659	342446
1203	1	3670	3670
1416	1	3670	293391
2958	1	3670	293396
3761	1	3670	293398
3829	1	3670	293399
1898	1	3713	3713
1450	1	3720	3720
2576	1	3725	3725
1062	1	3729	293461
1790	1	3743	3743
145	1	3753	3753
3639	1	3755	3755
1492	1	3763	293517
2846	1	3763	293518
3187	1	3763	293521
2838	1	3763	328848
1458	1	3785	3785
1292	1	3785	293550
3638	1	3812	293581
859	1	3812	293583
2064	1	3812	293585
170	1	3815	3815
3774	1	3815	293586
3436	1	3815	293589
1980	1	3819	293591
1249	1	3821	3821
2704	1	3821	293598
3763	1	3821	293601
3446	1	3833	3833
1102	1	3842	3842
2907	1	3844	3844
3029	1	3848	328847
623	1	3850	3850
1971	1	3852	3852
1842	1	3854	3854
2971	1	3856	293651
235	1	3864	3864
299	1	3878	3878
3176	1	3881	3881
3068	1	3883	293685
3121	1	3889	3889
2824	1	3889	293687
1814	1	3891	3891
1091	1	3891	293692
1786	1	3891	293696
627	1	3925	327979
2022	1	3935	3939
492	1	3941	3946
1363	1	3947	293743
194	1	3963	3963
2485	1	3963	293754
3861	1	3965	293761
2879	1	3970	3970
730	1	3970	293772
3430	1	3976	3976
3222	1	3976	293777
1472	1	3983	3983
1063	1	3986	3986
1987	1	3986	293791
1527	1	3988	3988
2201	1	3988	293793
2120	1	3988	293794
2449	1	3988	293798
1314	1	4001	4001
3818	1	4004	4004
2110	1	4010	4010
1601	1	4010	327961
429	1	4012	4012
1516	1	4012	293839
1059	1	4012	293840
3626	1	4019	4019
4108	1	4019	4021
2731	1	4019	293852
1190	1	4022	4022
3351	1	4022	293862
3790	1	4028	4028
3630	1	4055	4055
1758	1	4058	4058
3063	1	4060	4060
2878	1	4064	293907
2025	1	4070	293920
3830	1	4093	4093
3012	1	4096	4096
359	1	4096	4098
497	1	4103	293958
3234	1	4120	4120
2049	1	4122	293979
1183	1	4122	293984
2059	1	4133	4133
590	1	4133	293994
2512	1	4145	4145
437	1	4166	294030
2210	1	4185	4185
695	1	4195	4195
3212	1	4197	4197
2183	1	4199	4199
3540	1	4207	294079
2263	1	4210	4210
2826	1	4210	294091
2159	1	4215	4215
2793	1	4215	294101
1370	1	4224	4224
3336	1	4230	4230
2384	1	4230	294114
2944	1	4230	327952
3839	1	4234	4234
283	1	4237	294126
2652	1	4239	294129
2799	1	4239	294130
894	1	4239	294132
3126	1	4246	294135
1319	1	4251	294137
82	1	4253	4253
2536	1	4258	4260
1912	1	4261	4261
1863	1	4264	4264
541	1	4266	294174
3916	1	4269	294179
3737	1	4273	4273
1821	1	4275	294186
1160	1	4285	4285
309	1	4285	4310
2842	1	4285	294213
3370	1	4317	4317
2926	1	4340	4340
1061	1	4340	294236
2873	1	4340	294240
3823	1	4347	4347
3346	1	4349	294248
457	1	4349	294252
2124	1	4363	4363
835	1	4363	294259
126	1	4367	294261
2162	1	4372	4372
3363	1	4378	4378
1018	1	4378	294283
318	1	4389	4389
878	1	4389	294287
856	1	4397	4397
789	1	4401	4401
2507	1	4401	4409
3517	1	4411	4411
3193	1	4411	294318
3201	1	4416	4416
632	1	4418	4418
3429	1	4418	294326
1275	1	4432	4432
3772	1	4436	294351
3032	1	4438	4438
3401	1	4438	294360
3723	1	4446	4446
3519	1	4457	4457
2693	1	4459	4459
3946	1	4459	294384
462	1	4459	294392
1897	1	4473	4473
3833	1	4475	4475
3871	1	4489	4489
3721	1	4500	4500
452	1	4508	294453
159	1	4530	294464
3604	1	4546	4546
1386	1	4550	4550
1173	1	4552	4552
2070	1	4554	294492
3657	1	4572	4572
192	1	4572	294517
535	1	4579	294545
741	1	4589	4589
3258	1	4607	294577
1455	1	4623	294602
2847	1	4623	294608
2046	1	4634	294614
3974	1	4634	294616
4024	1	4642	4642
2284	1	4646	4646
2283	1	4646	4647
2224	1	4646	294624
3537	1	4648	4648
1651	1	4658	294650
2295	1	4658	329166
2144	1	4662	4662
765	1	4662	294654
3169	1	4685	294677
4010	1	4688	294680
4102	1	4695	4695
2208	1	4695	294685
3789	1	4700	4700
3471	1	4702	4702
3951	1	4711	4711
1482	1	4721	294734
2157	1	4734	294745
1052	1	4734	294747
2528	1	4736	4736
2558	1	4736	294754
2587	1	4736	294757
178	1	4741	4741
2950	1	4745	4745
1662	1	4745	294769
907	1	4749	4749
2205	1	4762	4762
551	1	4762	294783
3753	1	4765	4765
1176	1	4795	294812
549	1	4830	4830
3643	1	4830	294842
2987	1	4834	294845
3236	1	4834	294846
1285	1	4838	4838
3558	1	4838	294849
1284	1	4838	294850
3202	1	4849	4849
1481	1	4849	294865
1950	1	4849	294866
2321	1	4870	294883
2419	1	4870	294889
2385	1	4880	4880
2927	1	4890	4890
3192	1	4901	4901
3312	1	4901	294922
2868	1	4903	294925
893	1	4905	294929
3062	1	4905	294930
2573	1	4922	4922
911	1	4922	4924
3301	1	4922	294943
3038	1	4940	294974
2024	1	4970	4970
3360	1	4973	4973
1669	1	4973	295016
1591	1	4978	295024
1434	1	4982	4982
3164	1	4987	4987
3249	1	4987	295038
423	1	4999	4999
3251	1	5003	295058
2395	1	5013	5013
1078	1	5021	5021
3743	1	5021	295073
2985	1	5023	5023
2829	1	5023	295082
3139	1	5031	5031
2537	1	5036	5036
2970	1	5036	295095
1488	1	5040	295104
1582	1	5040	295105
2176	1	5051	5051
3048	1	5051	295111
2214	1	5051	295112
2845	1	5054	295113
1150	1	5068	5068
3190	1	5078	5078
713	1	5082	5082
3501	1	5091	295165
2299	1	5091	328823
3052	1	5106	5106
2603	1	5106	295177
1149	1	5115	5115
3292	1	5115	295197
1822	1	5127	5127
2989	1	5131	5131
1609	1	5142	5142
2575	1	5145	5145
256	1	5152	5152
3397	1	5171	5171
925	1	5179	5179
3838	1	5193	5193
2244	1	5204	5204
2836	1	5204	295304
3627	1	5219	5219
2765	1	5235	295329
2604	1	5235	295334
454	1	5250	5257
2075	1	5261	5261
3594	1	5261	295354
2732	1	5268	5268
3325	1	5276	295374
3428	1	5276	295375
1994	1	5278	5278
636	1	5286	295392
970	1	5296	5296
3198	1	5299	295402
172	1	5303	5303
2914	1	5303	295410
954	1	5318	5318
3666	1	5318	295424
2833	1	5325	5325
2795	1	5329	295436
3337	1	5342	5342
1490	1	5346	295458
3077	1	5353	5353
3273	1	5365	5365
2423	1	5367	295486
2044	1	5378	5378
1215	1	5380	5380
3582	1	5382	5382
2988	1	5386	5386
1309	1	5392	5392
1657	1	5415	5415
264	1	5415	5428
1568	1	5415	295526
641	1	5430	5430
3147	1	5439	5439
1124	1	5439	295548
3635	1	5445	5445
2949	1	5445	295557
3138	1	5464	295584
3075	1	5464	295585
1749	1	5484	5484
2098	1	5506	5506
513	1	5506	295623
540	1	5509	295631
1404	1	5522	295645
1402	1	5524	5524
2964	1	5528	5528
927	1	5531	295657
143	1	5548	295678
2065	1	5548	295680
2150	1	5558	5558
3403	1	5560	295686
3809	1	5564	5564
385	1	5567	5567
1385	1	5567	5568
2170	1	5567	295696
1384	1	5567	295697
3556	1	5573	5573
3738	1	5587	5587
214	1	5601	5601
2741	1	5620	295760
840	1	5622	5622
3913	1	5629	5629
1946	1	5629	295778
2596	1	5648	0
2289	1	5648	295812
721	1	5656	295817
3760	1	5669	5669
3122	1	5669	295838
3867	1	5675	5675
917	1	5675	295848
1612	1	5675	295852
1509	1	5681	295865
2435	1	5696	5698
3003	1	5702	5702
1670	1	5702	295893
397	1	5706	5706
3459	1	5712	5712
2052	1	5721	5721
4032	1	5723	5723
1983	1	5723	329167
4019	1	5735	5735
3310	1	5736	5736
2184	1	5736	295942
2978	1	5759	5759
3869	1	5759	295963
3475	1	5761	5761
3093	1	5764	5764
3400	1	5774	5774
2177	1	5778	5778
2102	1	5778	295989
3100	1	5783	5783
3288	1	5788	5788
2885	1	5790	295998
2501	1	5790	296000
2326	1	5799	5799
785	1	5806	5806
555	1	5806	296018
1346	1	5817	5817
1345	1	5817	328820
1029	1	5821	5821
2209	1	5824	296039
398	1	5828	328819
4015	1	5838	296060
158	1	5876	296099
2229	1	5881	5881
4107	1	5883	5883
3509	1	5887	5887
489	1	5887	296112
2508	1	5887	296116
3225	1	5890	5890
3876	1	5895	5895
849	1	5895	296126
2676	1	5907	5907
3195	1	5909	5909
263	1	5909	296141
3381	1	5909	296145
2840	1	5916	5916
3396	1	5920	5920
2812	1	5920	5924
3806	1	5920	296155
3842	1	5925	5925
2855	1	5925	296161
2063	1	5927	5927
2661	1	5927	296166
90	1	5934	5934
2484	1	5934	296171
424	1	5948	5948
2929	1	5961	5961
2399	1	5964	296200
1334	1	5968	5968
616	1	5970	328817
2519	1	5972	5972
3255	1	5980	5980
3820	1	5980	296226
3055	1	5985	296234
2684	1	5997	5997
3097	1	6007	296265
2638	1	6010	328815
634	1	6013	6013
4011	1	6016	6016
1639	1	6027	296287
3015	1	6027	296290
3691	1	6035	6035
3469	1	6047	6047
598	1	6052	6052
552	1	6052	296312
3262	1	6060	6060
3243	1	6060	296325
826	1	6086	6086
577	1	6091	6091
1554	1	6091	296361
1581	1	6091	296362
166	1	6091	296364
207	1	6095	6095
3587	1	6118	296382
2707	1	6141	296398
1926	1	6159	6159
2113	1	6159	296420
872	1	6163	296429
1564	1	6175	6175
3706	1	6191	6191
1871	1	6197	6197
1681	1	6197	6198
606	1	6199	6199
1647	1	6199	296465
409	1	6216	6217
3385	1	6237	6237
3404	1	6254	6254
3574	1	6254	296530
3058	1	6261	6261
2143	1	6269	6269
2273	1	6278	296570
674	1	6278	296571
751	1	6290	296591
2288	1	6333	296618
3300	1	6336	6336
2668	1	6347	6347
3426	1	6364	6364
3352	1	6368	6368
3020	1	6372	6372
1417	1	6374	296667
3840	1	6387	296688
3994	1	6394	6394
477	1	6396	6396
951	1	6403	6404
2231	1	6425	0
3368	1	6430	296749
915	1	6439	6439
1213	1	6444	296765
1487	1	6446	296775
1050	1	6450	296783
1932	1	6454	6454
1875	1	6468	6468
1257	1	6479	6479
152	1	6496	296834
3874	1	6496	296835
1663	1	6496	296837
883	1	6496	296845
724	1	6512	6512
3719	1	6516	6516
1818	1	6523	6523
1895	1	6523	302860
3686	1	6530	6530
1715	1	6540	6540
3341	1	6542	6542
1906	1	6551	6551
3747	1	6553	6553
948	1	6556	6556
3408	1	6560	6560
2362	1	6568	6568
823	1	6579	6579
2187	1	6586	6586
3695	1	6592	296920
626	1	6592	296921
601	1	6599	6599
2597	1	6607	296938
2953	1	6610	6610
775	1	6614	6614
830	1	6619	6619
2493	1	6619	296950
681	1	6624	6624
831	1	6633	6633
3474	1	6633	296966
2695	1	6633	296968
1761	1	6636	6636
1723	1	6636	296971
2274	1	6663	6663
2292	1	6690	6690
3132	1	6693	297011
885	1	6698	6698
3676	1	6711	6711
2314	1	6714	6714
2349	1	6716	6716
2174	1	6721	297035
3407	1	6727	6727
3324	1	6733	6733
3256	1	6748	6748
3321	1	6748	297059
2152	1	6760	6760
1051	1	6764	6764
3767	1	6771	6771
3791	1	6780	297083
3209	1	6780	297084
2367	1	6784	6784
232	1	6798	6798
1655	1	6800	6800
877	1	6810	6810
762	1	6810	297115
2835	1	6810	297116
123	1	6810	297118
471	1	6831	297156
870	1	6842	6842
2371	1	6847	6847
2946	1	6850	6850
2780	1	6852	297181
3244	1	6860	297185
3832	1	6863	6863
1862	1	6875	6875
1864	1	6881	6881
2945	1	6885	6885
2969	1	6891	6891
3611	1	6901	6901
548	1	6905	6905
1526	1	6924	6924
795	1	6940	6940
1388	1	6942	6942
2226	1	6950	297271
3846	1	6957	6957
3487	1	6973	6973
3379	1	6990	6990
3875	1	6990	297329
2204	1	7008	327758
2195	1	7019	7019
2265	1	7030	7030
2784	1	7030	297375
2816	1	7030	297377
2394	1	7035	7035
3857	1	7049	7049
2706	1	7056	7056
1520	1	7060	7060
2346	1	7068	7068
3092	1	7071	7071
1539	1	7071	297452
1969	1	7099	7099
345	1	7117	7117
3317	1	7132	7132
2087	1	7132	297524
3577	1	7136	7136
3513	1	7143	7143
1903	1	7148	7148
2614	1	7159	297559
3924	1	7169	7169
2922	1	7169	297575
2197	1	7172	7172
740	1	7177	7177
2951	1	7177	297595
2995	1	7177	297601
1889	1	7201	7201
2497	1	7207	7207
2931	1	7211	7211
1910	1	7211	297628
1852	1	7224	7224
1426	1	7233	297651
307	1	7252	7252
702	1	7252	297670
1573	1	7260	7260
3954	1	7260	7271
4028	1	7283	7283
1164	1	7298	7298
2211	1	7298	297732
480	1	7313	7313
391	1	7347	7363
814	1	7365	7365
3709	1	7373	7373
1175	1	7373	297790
1854	1	7380	7380
1270	1	7386	0
1271	1	7386	7386
3345	1	7386	297812
2625	1	7416	297827
1803	1	7456	7456
2036	1	7475	7475
2883	1	7484	7484
1219	1	7491	7491
2329	1	7491	297886
3546	1	7508	7508
1359	1	7508	297909
3800	1	7521	7521
335	1	7561	7561
2051	1	7561	297951
615	1	7578	7578
1656	1	7586	7586
801	1	7595	7595
940	1	7607	7607
1396	1	7628	298031
100	1	7634	7634
3318	1	7637	7637
3632	1	7637	298038
2119	1	7641	7641
1473	1	7648	7648
2972	1	7655	7655
1491	1	7689	7689
2993	1	7693	7693
3217	1	7697	7697
1741	1	7699	7699
2918	1	7703	298146
3495	1	7723	7723
516	1	7725	7725
2828	1	7727	7727
2472	1	7727	298174
2540	1	7739	7739
1446	1	7753	0
1574	1	7753	298203
2947	1	7766	7766
3878	1	7768	298229
1940	1	7771	7771
3173	1	7780	7780
3309	1	7783	7783
2067	1	7783	298245
2254	1	7790	7790
3174	1	7797	7797
648	1	7800	7800
3952	1	7802	7802
3378	1	7804	7804
3443	1	7805	7805
3253	1	7815	7817
3464	1	7818	7818
441	1	7824	298294
3088	1	7835	298308
418	1	7853	7853
747	1	7855	298337
2487	1	7861	298343
1227	1	7869	298352
176	1	7871	298357
2938	1	7874	7874
3673	1	7876	7876
3739	1	7878	7878
646	1	7883	7883
1369	1	7891	7891
904	1	7891	298372
972	1	7891	298373
2533	1	7898	7898
3064	1	7900	298378
3765	1	7903	7903
2822	1	7915	298391
3797	1	7920	7920
3543	1	7922	7922
2430	1	7924	7924
3771	1	7924	298406
3675	1	7926	7926
3266	1	7928	7928
3595	1	7934	7934
1620	1	7954	7954
3440	1	7968	7968
1595	1	7970	298464
2715	1	7970	298467
2524	1	7992	298495
2601	1	8005	8005
394	1	8005	298503
3111	1	8016	8016
2730	1	8016	328519
574	1	8021	8021
1407	1	8045	8045
3153	1	8057	8057
1690	1	8067	298561
2633	1	8077	8077
1575	1	8077	298572
1602	1	8083	8083
3353	1	8108	298596
1820	1	8114	8114
1155	1	8131	8131
2199	1	8131	8132
1988	1	8131	298615
2088	1	8133	298616
715	1	8150	298639
2962	1	8179	8179
2568	1	8185	8185
2590	1	8185	298666
1750	1	8185	298667
2928	1	8185	298670
3973	1	8209	298679
3074	1	8226	298691
3241	1	8231	8231
3283	1	8235	8235
3011	1	8237	8237
995	1	8250	298720
1197	1	8269	8269
216	1	8269	298726
666	1	8273	8273
1252	1	8278	8278
2911	1	8282	8282
1024	1	8282	298746
206	1	8292	8292
3607	1	8292	298751
1560	1	8292	298752
3133	1	8296	8296
1551	1	8296	298756
3213	1	8301	8301
3535	1	8303	8303
2315	1	8303	298770
821	1	8306	8306
2900	1	8311	8311
348	1	8313	8313
1499	1	8313	298784
3712	1	8315	8315
3651	1	8319	8319
1168	1	8335	8335
1453	1	8335	298816
1169	1	8335	298817
503	1	8337	8337
3992	1	8337	298826
2238	1	8361	298850
649	1	8361	298854
637	1	8392	8396
2525	1	8404	8404
2179	1	8406	298897
2905	1	8409	298900
591	1	8413	298903
2353	1	8418	8418
3389	1	8418	298906
3460	1	8418	298909
1778	1	8426	8426
3208	1	8442	298929
124	1	8445	8445
405	1	8500	8500
3751	1	8510	8510
1380	1	8516	8516
3652	1	8516	298969
862	1	8527	298973
1425	1	8527	298980
2398	1	8532	8532
1048	1	8535	8538
3981	1	8539	8539
587	1	8587	8587
102	1	8593	8593
406	1	8637	8637
272	1	8650	8650
1269	1	8650	299115
3696	1	8659	8659
1378	1	8659	299125
1673	1	8687	299151
393	1	8693	8693
1996	1	8695	8695
1315	1	8704	8704
863	1	8714	8714
2310	1	8718	299199
2388	1	8720	8720
1546	1	8723	8723
1460	1	8730	8730
2549	1	8735	8735
3856	1	8737	8737
2281	1	8737	299234
2893	1	8762	299267
182	1	8812	299330
191	1	8834	8834
4103	1	8839	8839
448	1	8854	8854
1107	1	8856	299385
1087	1	8888	8888
1258	1	8897	8897
2538	1	8899	8899
3815	1	8908	299445
1211	1	8908	299446
994	1	8918	8918
459	1	8918	299467
1583	1	8963	8963
1394	1	8963	299475
1879	1	9060	9060
1259	1	9090	9090
3196	1	9113	9113
1956	1	9131	9131
2570	1	9131	9132
1289	1	9183	9183
650	1	9183	299629
799	1	9187	9187
456	1	9188	9188
2117	1	9188	9195
1881	1	9235	9235
1291	1	9235	9255
1142	1	9257	9257
2013	1	9271	299730
3725	1	9285	9285
3293	1	9306	9306
3427	1	9316	9316
3998	1	9319	9319
119	1	9323	9323
3868	1	9335	9335
390	1	9357	9357
1375	1	9359	9359
777	1	9426	9426
2578	1	9426	9430
3328	1	9438	299898
1543	1	9454	9454
846	1	9456	9456
2725	1	9459	9459
2716	1	9463	9463
12	1	9466	9466
4012	1	9472	299931
3240	1	9488	9488
3662	1	9490	9490
1502	1	9503	9503
1788	1	9505	9505
2738	1	9512	9512
2095	1	9524	9524
1628	1	9526	9526
2948	1	9533	328763
1196	1	9554	9554
1734	1	9562	9562
3555	1	9569	286097
581	1	9569	287705
1009	1	9569	287708
2001	1	9570	9570
2671	1	9575	9575
1503	1	9575	328795
116	1	9579	9579
1604	1	9584	9584
482	1	9598	9598
842	1	9600	9600
1497	1	9600	300053
177	1	9604	9604
430	1	9614	9614
3070	1	9616	9616
3455	1	9616	300071
3089	1	9621	9621
2404	1	9621	300079
1537	1	9630	9630
3152	1	9630	300091
3637	1	9633	9633
3752	1	9637	9638
3205	1	9644	9644
773	1	9654	9654
1466	1	9658	9658
3575	1	9660	300114
2246	1	9660	300115
2744	1	9669	300122
3602	1	9680	9680
2717	1	9692	9692
3554	1	9695	9695
1166	1	9700	300146
3237	1	9700	300147
1979	1	9705	300158
3203	1	9721	9721
2489	1	9745	9745
2903	1	9759	9759
1003	1	9759	300192
2108	1	9763	9763
3247	1	9769	9769
316	1	9769	9770
3165	1	9771	9771
1177	1	9775	9775
797	1	9781	9781
798	1	9781	300217
3257	1	9785	300222
2426	1	9788	9788
490	1	9796	9796
2955	1	9796	300244
3339	1	9800	9800
1779	1	9804	9804
1999	1	9804	300251
3348	1	9817	9817
2817	1	9817	300266
2086	1	9823	9823
1759	1	9831	9831
3095	1	9833	9833
3420	1	9841	9841
2534	1	9846	9846
2598	1	9851	9851
1853	1	9853	9853
3492	1	9855	9855
2099	1	9857	9857
704	1	9861	9861
3854	1	9868	9868
1654	1	9871	9871
2217	1	9883	9883
2396	1	9944	9944
168	1	10051	300411
2337	1	10057	10057
3418	1	10059	10059
380	1	10069	300440
3710	1	10073	300450
2616	1	10073	300451
586	1	10085	10085
1649	1	10138	10138
2702	1	10141	10141
2685	1	10158	10158
1512	1	10158	10170
811	1	10172	10172
1501	1	10172	300514
3713	1	10178	10178
1905	1	10178	300525
556	1	10181	10181
2939	1	10181	300531
105	1	10181	300533
341	1	10191	300547
3490	1	10203	10203
3260	1	10203	300571
1144	1	10209	10209
2631	1	10213	10213
2005	1	10226	10226
1283	1	10260	10260
501	1	10260	300619
1420	1	10283	10283
1913	1	10311	10311
1997	1	10311	300648
2894	1	10331	10331
2849	1	10396	10396
819	1	10408	10408
2240	1	10420	10420
3437	1	10429	10429
2734	1	10447	300883
2552	1	10447	300888
827	1	10455	300903
536	1	10490	10490
2735	1	10490	300914
3276	1	10501	10501
382	1	10504	10504
2746	1	10506	300955
1831	1	10512	300960
1993	1	10528	85108
1331	1	10528	337739
79	1	10528	337740
2818	1	10531	10531
958	1	10531	284581
2801	1	10531	285446
1679	1	10531	285465
2747	1	10531	445906
2808	1	10531	456034
913	1	10536	79376
2357	1	10536	287416
3544	1	10536	450770
1006	1	10544	79771
2458	1	10544	79772
800	1	10544	79773
1307	1	10544	79834
2582	1	10544	286266
1000	1	10544	286376
993	1	10544	286380
1242	1	10544	286385
572	1	10544	286392
2710	1	10544	286397
1110	1	10544	286402
1328	1	10544	286403
2820	1	10544	286404
2777	1	10544	286406
273	1	10544	286412
4013	1	10544	286912
1153	1	10544	448648
1339	1	10612	286703
1199	1	10612	287371
2526	1	10612	287443
1800	1	10612	287446
3559	1	10612	287472
381	1	10612	443649
56	1	10612	443657
3722	1	10649	10649
3683	1	10655	10655
2754	1	10661	10661
2469	1	10671	10671
2727	1	10671	301089
3254	1	10708	10708
1382	1	10708	301092
3115	1	10711	10711
3114	1	10711	301093
3629	1	10713	10713
4033	1	10718	10718
3661	1	10721	10721
2038	1	10725	10725
1349	1	10727	10727
1357	1	10729	10729
3144	1	10729	301107
3511	1	10743	10743
3344	1	10748	10748
2092	1	10754	10754
3776	1	10756	301130
2979	1	10770	10770
2852	1	10772	301141
3219	1	10783	301151
2010	1	10788	10788
3803	1	10792	10792
892	1	10792	301160
155	1	10792	301162
1390	1	10794	10794
3060	1	10794	301164
2401	1	10794	328757
2301	1	10796	10796
576	1	10798	10800
2190	1	10812	301186
1186	1	10819	10819
1577	1	10825	10825
1548	1	10836	10836
2874	1	10839	10839
1484	1	10842	10842
3963	1	10842	301213
1221	1	10868	10869
314	1	10876	10876
1667	1	10892	10892
2306	1	10899	10899
1528	1	10899	301249
725	1	10899	301252
3314	1	10901	10901
1783	1	10904	10904
3945	1	10906	10906
1592	1	10908	301265
653	1	10910	10910
1992	1	10912	10912
2155	1	10912	301272
1389	1	10929	10929
3393	1	10929	301274
2689	1	10929	301276
3042	1	10942	301282
2496	1	10944	328741
368	1	10962	10962
3855	1	10964	301303
2450	1	10971	10971
3736	1	10983	10983
2809	1	11005	11005
3649	1	11017	11017
1832	1	11022	11022
3864	1	11043	301354
2425	1	11047	11047
639	1	11049	11049
1468	1	11059	301369
1720	1	11063	11063
1941	1	11065	11065
1771	1	11065	301373
3576	1	11068	11068
198	1	11074	301384
1976	1	11078	11078
1365	1	11078	301386
3416	1	11081	11081
2134	1	11086	11086
2915	1	11086	301398
258	1	11086	301399
1955	1	11088	11088
3698	1	11088	301402
860	1	11096	11096
3228	1	11113	11113
3740	1	11115	11115
1967	1	11122	11122
113	1	11136	11136
2066	1	11140	11140
1675	1	11146	11146
2930	1	11150	11150
2749	1	11153	11153
2691	1	11153	301464
205	1	11169	11169
3977	1	11173	11173
2343	1	11178	11178
981	1	11183	11183
3304	1	11187	11187
2267	1	11205	11205
530	1	11205	11654
2260	1	11205	301509
1454	1	11222	301528
2963	1	11228	11228
1605	1	11229	11229
2257	1	11255	11255
3279	1	11262	11262
1843	1	11266	11266
2032	1	11273	301572
3688	1	11275	11275
2048	1	11276	11276
1966	1	11280	301609
1915	1	11284	11284
3010	1	11286	11286
3027	1	11302	11302
2140	1	11304	11304
2807	1	11309	11309
1171	1	11309	301633
2440	1	11312	11312
1817	1	11318	11318
3527	1	11322	11322
2924	1	11324	301647
1412	1	11341	301663
998	1	11348	11348
3316	1	11353	11353
1703	1	11353	301673
739	1	11356	11356
980	1	11371	301689
3663	1	11384	11390
3277	1	11393	11393
1960	1	11399	11399
1057	1	11399	328737
3259	1	11403	11403
3622	1	11403	301724
3168	1	11409	11409
415	1	11409	301731
3633	1	11411	11411
3560	1	11416	11416
1410	1	11425	301745
3218	1	11437	11437
778	1	11437	301770
3066	1	11443	11443
186	1	11447	301785
2461	1	11452	11452
3000	1	11457	11457
1894	1	11461	11461
2417	1	11465	301802
3049	1	11472	11472
720	1	11490	301817
3340	1	11495	11495
1872	1	11497	301821
784	1	11501	11501
3442	1	11514	11514
1593	1	11520	301855
2250	1	11527	11527
3211	1	11556	11556
1415	1	11563	11563
2477	1	11566	11566
3130	1	11580	11580
2605	1	11582	301904
2843	1	11595	11595
3261	1	11599	11599
1510	1	11630	11630
3890	1	11648	11648
1736	1	11652	11652
3549	1	11654	11654
680	1	11654	301964
3718	1	11672	11672
2473	1	11697	11697
1045	1	11704	11704
2082	1	11704	302007
1419	1	11715	11715
916	1	11726	11726
2839	1	11742	302049
3391	1	11754	11754
1046	1	11770	11770
1088	1	11774	11774
3289	1	11774	302079
2196	1	11783	11783
3701	1	11792	11792
2680	1	11792	328713
1531	1	11797	302100
900	1	11804	11804
2061	1	11807	302108
3884	1	11813	11813
338	1	11815	11815
1498	1	11815	302121
1480	1	11815	341224
2068	1	11819	11819
3524	1	11823	302133
2984	1	11832	11832
2444	1	11837	11837
2659	1	11837	302139
3290	1	11849	11849
3120	1	11849	302151
617	1	11869	11869
1267	1	11869	302177
2574	1	11872	11872
1445	1	11872	302182
3361	1	11882	11882
791	1	11884	11884
1500	1	11897	302201
2980	1	11914	11914
1765	1	11916	11916
3197	1	11931	11931
2333	1	11939	11939
2365	1	11954	11954
853	1	11956	11956
3135	1	11958	302277
3525	1	11965	302279
2078	1	11965	302282
2688	1	11978	11978
2379	1	11980	11980
4105	1	11990	11990
667	1	11990	302310
3072	1	12022	12022
3185	1	12032	12032
1937	1	12037	12037
1438	1	12047	12047
511	1	12059	12059
1641	1	12059	302374
331	1	12067	12067
1120	1	12072	12072
3084	1	12073	12073
2769	1	12078	12078
1553	1	12083	302409
2167	1	12085	302411
3486	1	12097	302418
1836	1	12099	12099
2786	1	12108	12108
1013	1	12112	12112
3298	1	12112	302425
3018	1	12117	12117
3444	1	12124	12124
763	1	12132	12132
691	1	12135	12135
1163	1	12139	12139
2612	1	12139	302445
1457	1	12149	12149
3059	1	12151	12151
3883	1	12151	302457
3355	1	12162	12162
3605	1	12164	12164
1304	1	12167	302472
1697	1	12171	302475
3057	1	12193	12193
3306	1	12205	302504
2627	1	12208	302507
3343	1	12211	12211
3424	1	12219	302517
2917	1	12222	302520
942	1	12224	12224
771	1	12224	302521
2495	1	12230	302527
3759	1	12243	12243
3136	1	12248	12248
528	1	12251	12251
1963	1	12253	12253
758	1	12255	12255
4026	1	12266	12266
3653	1	12269	12269
3788	1	12271	12271
3191	1	12282	302577
929	1	12286	12286
3129	1	12288	302595
2182	1	12290	12290
1132	1	12304	302610
2600	1	12312	12312
2168	1	12314	302616
2781	1	12317	12317
531	1	12319	302620
706	1	12333	12333
3844	1	12335	12335
3505	1	12335	302635
473	1	12345	12345
887	1	12357	12357
1904	1	12357	302660
2742	1	12359	12359
3848	1	12362	12362
1518	1	12366	12366
3131	1	12380	12381
2737	1	12389	12389
3078	1	12393	12393
2220	1	12402	12402
2481	1	12404	12404
787	1	12409	12409
3491	1	12421	12421
3523	1	12421	302716
542	1	12437	302730
1922	1	12444	12444
1676	1	12459	12459
2999	1	12459	302750
1973	1	12459	302751
2825	1	12466	12466
1318	1	12466	302766
957	1	12466	302767
1566	1	12476	12476
3650	1	12481	12481
1819	1	12481	302774
1691	1	12497	12497
3384	1	12499	12499
2331	1	12499	302806
3278	1	12507	12507
3620	1	12507	327936
117	1	12535	12535
2759	1	12547	12547
2268	1	12550	12550
1079	1	12558	12558
2169	1	12563	12563
2243	1	12577	12577
2733	1	12582	12589
3581	1	12582	302877
3125	1	12595	12595
3966	1	12595	12612
1989	1	12621	12621
1055	1	12636	12636
752	1	12638	12638
553	1	12638	302923
1615	1	12640	302928
924	1	12644	12644
1907	1	12661	12661
2983	1	12665	12665
2034	1	12670	12670
136	1	12672	12672
979	1	12677	12677
2043	1	12685	12685
2569	1	12693	302965
1918	1	12702	12702
1237	1	12709	12709
1953	1	12720	12720
719	1	12722	302992
2850	1	12724	12724
1001	1	12724	302994
2317	1	12724	302995
1631	1	12749	12749
3406	1	12753	12755
3502	1	12764	12764
3775	1	12769	12769
568	1	12771	12771
991	1	12778	303032
3116	1	12778	303034
3488	1	12790	12790
1859	1	12801	303050
3568	1	12801	345610
2682	1	12814	12814
2851	1	12826	12826
3934	1	12826	12839
2996	1	12840	12840
3835	1	12843	12843
3117	1	12843	80986
1981	1	12868	12868
3801	1	12872	12872
1909	1	12886	12886
902	1	12888	12888
3238	1	12904	12904
3724	1	12909	12909
1156	1	12965	12965
1290	1	12965	303221
3216	1	12977	12977
547	1	12977	303233
1422	1	12977	303234
1462	1	12983	12983
2037	1	12987	12987
2853	1	12987	303245
99	1	12992	12992
3654	1	12992	303256
3947	1	12992	303257
1200	1	13010	13010
3264	1	13018	13018
914	1	13028	13028
2651	1	13037	13037
1159	1	13037	303321
1400	1	13050	13050
2920	1	13050	303329
349	1	13058	13058
3434	1	13076	13076
3508	1	13089	13089
3689	1	13101	13101
599	1	13106	13106
3720	1	13106	13110
1308	1	13106	303413
2242	1	13106	303415
3086	1	13113	13113
766	1	13119	13119
1529	1	13122	303435
2626	1	13124	13124
1467	1	13124	303436
3044	1	13126	13126
3347	1	13131	13131
988	1	13134	13134
2505	1	13134	303451
602	1	13143	13143
3473	1	13152	13152
2057	1	13160	13160
3158	1	13163	13163
679	1	13176	13176
1961	1	13178	13178
3252	1	13215	303500
1154	1	13229	13229
1827	1	13248	13248
2275	1	13299	13299
241	1	13304	13304
1495	1	13309	303590
3678	1	13327	13327
442	1	13327	303615
2287	1	13362	303645
2861	1	13367	13367
2865	1	13367	303650
3357	1	13369	13369
122	1	13376	13376
1982	1	13381	13381
3419	1	13392	13392
1536	1	13399	13399
366	1	13415	13415
2602	1	13419	303729
2218	1	13424	13424
2372	1	13442	13442
1646	1	13462	13462
3742	1	13464	13464
1268	1	13464	303790
1870	1	13470	13470
435	1	13476	303817
2335	1	13476	303819
3235	1	13487	13487
1640	1	13490	300705
3113	1	13490	303832
1074	1	13490	303834
3804	1	13500	13500
1550	1	13502	13502
217	1	13502	303857
1900	1	13512	13512
1608	1	13512	303862
2219	1	13543	13543
453	1	13553	13553
3813	1	13553	13556
230	1	13557	13557
249	1	13557	303895
1239	1	13557	303896
353	1	13568	13568
3497	1	13571	13571
2313	1	13576	13576
2062	1	13576	303947
3275	1	13585	13585
3140	1	13585	303956
1090	1	13587	13587
3943	1	13589	13589
1588	1	13592	285024
2599	1	13596	13596
271	1	13609	13609
364	1	13627	13627
3758	1	13627	304016
3151	1	13636	13636
1757	1	13644	13644
2752	1	13644	304043
92	1	13646	13646
2223	1	13658	13658
742	1	13663	13663
3189	1	13669	13669
199	1	13669	304082
3155	1	13696	13696
1276	1	13711	13711
202	1	13714	13714
595	1	13719	13719
733	1	13724	13724
3988	1	13724	304150
732	1	13724	304151
3741	1	13739	13739
1838	1	13742	13742
1866	1	13749	13749
3159	1	13749	304170
937	1	13754	13754
3402	1	13759	13759
1443	1	13782	13782
2071	1	13784	13784
494	1	13794	13794
432	1	13796	13796
4109	1	13798	13798
2290	1	13800	13800
864	1	13800	304271
3050	1	13800	304273
375	1	13800	304275
3308	1	13800	304277
173	1	13804	13804
94	1	13804	304283
3672	1	13805	13805
910	1	13828	304333
1927	1	13859	13859
3031	1	13863	13863
3588	1	13869	13869
3614	1	13871	13871
1023	1	13871	304395
1797	1	13888	304428
2215	1	13897	13897
3461	1	13905	13905
2672	1	13914	13914
1519	1	13914	304459
678	1	13921	304474
61	1	13923	13923
1178	1	13946	13946
1576	1	13946	342456
1165	1	13951	13951
888	1	13972	13972
3545	1	13975	13975
2595	1	13979	13979
1569	1	13979	304585
1567	1	13997	13997
3269	1	13997	304613
693	1	14007	14007
1754	1	14018	14018
2779	1	14040	14040
2269	1	14048	14048
2172	1	14048	304668
2584	1	14048	304670
2100	1	14051	304679
1133	1	14060	14060
2279	1	14075	14079
2129	1	14080	342455
1128	1	14111	14111
1354	1	14125	14125
1668	1	14128	14128
2499	1	14133	14133
3564	1	14133	304776
1008	1	14133	304779
871	1	14133	304783
607	1	14160	14160
85	1	14167	14167
845	1	14167	304835
1887	1	14177	14177
987	1	14177	304851
1137	1	14182	14184
1198	1	14182	327916
3891	1	14185	14185
3282	1	14189	14189
3146	1	14193	14193
3043	1	14213	14213
2023	1	14226	14226
1140	1	14226	304935
1565	1	14283	305031
3754	1	14295	14295
1111	1	14308	14308
3865	1	14308	305060
1204	1	14325	14325
1131	1	14325	14330
3484	1	14336	14336
3968	1	14346	14346
1240	1	14351	14351
561	1	14351	305104
2539	1	14361	14361
2608	1	14381	14381
3909	1	14381	305140
1633	1	14386	14386
3841	1	14386	305146
3811	1	14386	305150
1475	1	14389	305159
1804	1	14396	14396
2751	1	14408	14408
976	1	14421	14421
759	1	14421	305182
1845	1	14439	14439
3374	1	14451	14451
2421	1	14451	305242
195	1	14451	305246
1441	1	14458	305260
3422	1	14467	14467
2334	1	14470	14470
2692	1	14484	305295
1311	1	14486	14486
290	1	14491	14491
2125	1	14495	14495
2729	1	14499	14502
3483	1	14511	14511
3296	1	14513	14513
2424	1	14517	14517
3166	1	14519	14519
3619	1	14519	305378
1816	1	14519	305379
1167	1	14557	14557
1896	1	14557	26327
857	1	14557	305435
1181	1	14557	305442
270	1	14560	14560
2002	1	14560	305452
844	1	14567	14567
537	1	14596	328584
222	1	14596	328596
2456	1	14605	14605
3047	1	14615	14615
3953	1	14615	305532
2975	1	14621	305534
3119	1	14623	14623
1470	1	14635	305560
2762	1	14635	305563
389	1	14637	305565
413	1	14642	305571
3991	1	14650	14652
1273	1	14654	14654
2304	1	14656	14656
3452	1	14706	14706
1793	1	14706	305647
2609	1	14713	14713
1325	1	14713	305658
2186	1	14718	305664
906	1	14724	14724
3644	1	14729	14729
2494	1	14729	305673
3911	1	14734	14734
1432	1	14742	305693
197	1	14747	305708
2530	1	14757	14757
2890	1	14757	305748
3557	1	14759	14759
3171	1	14759	305753
2783	1	14770	14770
2441	1	14784	14784
2432	1	14784	305798
3762	1	14800	14800
822	1	14800	305814
1829	1	14815	14815
3866	1	14839	14839
3831	1	14841	14841
701	1	14845	14845
1558	1	14847	14847
1442	1	14847	305877
2679	1	14865	14865
1571	1	14876	14876
1287	1	14878	14878
346	1	14878	305917
3467	1	14895	14895
1532	1	14910	14910
2074	1	14915	305968
737	1	14922	14922
2115	1	14922	305974
2339	1	14932	14932
3016	1	14939	14939
2555	1	14942	306006
3955	1	14944	14944
479	1	14981	14983
2986	1	14987	14987
2848	1	14991	14991
2866	1	14991	14992
1511	1	14991	306061
3268	1	14999	14999
722	1	15001	306076
1095	1	15009	15009
1115	1	15012	306102
3573	1	15012	306106
1523	1	15014	306121
3707	1	15021	15021
3609	1	15021	306125
3837	1	15021	306126
517	1	15047	15047
88	1	15047	306143
365	1	15078	15078
726	1	15078	306181
1911	1	15087	306187
2559	1	15093	328688
609	1	15095	15095
2003	1	15099	328680
699	1	15105	15105
1777	1	15112	15112
3598	1	15112	15121
1924	1	15112	306240
1978	1	15122	15122
2858	1	15132	306271
1618	1	15134	15134
1016	1	15136	15136
3656	1	15143	15143
1081	1	15148	15148
2761	1	15154	15154
593	1	15154	306328
2557	1	15167	15167
2719	1	15177	15177
1596	1	15178	15178
1579	1	15184	15184
571	1	15204	15204
1083	1	15240	306456
3067	1	15243	15243
3009	1	15243	306459
1613	1	15245	15245
2035	1	15246	15246
1471	1	15253	15253
793	1	15253	306491
3923	1	15259	306503
3779	1	15262	15262
698	1	15262	306513
3108	1	15262	306516
2466	1	15262	306517
1427	1	15266	341395
297	1	15267	15267
4036	1	15271	15271
1143	1	15277	15277
1313	1	15282	15282
1629	1	15282	341376
1776	1	15283	306619
1247	1	15289	15289
675	1	15290	15290
3983	1	15291	15291
3026	1	15296	15296
3331	1	15296	306652
286	1	15304	15304
226	1	15306	306691
3965	1	15306	306696
2409	1	15312	15312
2412	1	15312	329230
1456	1	15316	15316
3589	1	15321	15321
3118	1	15321	306713
1962	1	15323	15323
1632	1	15344	15344
820	1	15346	15346
2467	1	15346	327893
2106	1	15350	15350
2105	1	15350	15352
990	1	15350	306762
2298	1	15350	306765
2107	1	15350	306769
370	1	15362	15362
288	1	15371	15371
3090	1	15372	15372
3700	1	15372	306827
2556	1	15379	306830
1970	1	15391	15391
252	1	15403	15403
1125	1	15404	15404
1494	1	15404	306916
2593	1	15406	15406
2669	1	15412	15412
3161	1	15413	306950
1893	1	15421	15421
2531	1	15421	329267
1281	1	15436	307014
2649	1	15439	15439
3578	1	15439	307027
3265	1	15440	15440
2655	1	15447	15447
169	1	15457	307067
1118	1	15464	15464
7	1	15472	307121
1170	1	15473	15473
714	1	15478	15478
1557	1	15484	15484
3624	1	15491	15491
3993	1	15527	15527
1429	1	15527	307214
2909	1	15552	15552
2302	1	15552	307259
2610	1	15586	15586
804	1	15600	307327
498	1	15603	15603
1851	1	15606	15606
1811	1	15619	15619
1868	1	15625	15625
1317	1	15625	15643
1947	1	15645	15645
829	1	15645	307375
546	1	15655	307396
2386	1	15666	15666
1179	1	15671	15671
1965	1	15677	15677
899	1	15692	307439
220	1	15702	307454
1157	1	15717	15717
1637	1	15717	328671
1547	1	15738	307483
645	1	15743	15743
2361	1	15756	15759
1123	1	15756	307512
1597	1	15760	15760
2308	1	15760	307520
1648	1	15760	307521
3369	1	15770	15770
1877	1	15775	15775
3847	1	15793	307550
761	1	15803	15803
3933	1	15826	15826
2241	1	15837	15837
404	1	15851	15851
525	1	15855	15855
1704	1	15886	15886
1254	1	15890	15890
2142	1	15896	15896
1355	1	15904	15904
3733	1	15915	15915
3005	1	15931	15931
2247	1	15935	15935
1020	1	15953	15953
3008	1	15953	307815
1358	1	15960	15960
1589	1	15967	15967
2012	1	15971	15971
3103	1	15972	15972
3515	1	15976	15976
2566	1	15976	307851
231	1	15976	327959
1182	1	15978	15978
1439	1	15982	307866
3417	1	15998	15998
1447	1	16013	16013
2904	1	16033	16033
2863	1	16044	16044
2030	1	16044	307955
2545	1	16059	16059
1049	1	16063	16063
1477	1	16064	16064
2390	1	16064	307990
1644	1	16089	16089
1411	1	16089	308032
1764	1	16092	16092
1886	1	16139	16139
196	1	16156	16156
1086	1	16176	16176
1799	1	16198	16198
2899	1	16198	329222
1789	1	16212	16212
1617	1	16220	16220
1794	1	16220	308116
2375	1	16220	308126
131	1	16220	329251
1808	1	16257	16257
1939	1	16265	16265
1306	1	16273	16273
3014	1	16286	308196
3655	1	16301	16301
4035	1	16329	16329
412	1	16332	308250
343	1	16346	16346
354	1	16346	308256
2810	1	16350	308261
1586	1	16356	16356
973	1	16359	308271
3022	1	16365	16365
1774	1	16377	16377
260	1	16383	16383
4097	1	16391	16391
2194	1	16406	16406
2189	1	16410	16410
2876	1	16410	308323
2253	1	16426	16426
1873	1	16426	308342
1379	1	16426	308347
1805	1	16430	16430
1151	1	16433	16433
967	1	16455	16455
1552	1	16461	16461
1085	1	16470	16470
736	1	16504	16504
2643	1	16509	16509
2076	1	16524	16524
3863	1	16524	308466
1880	1	16526	16526
2163	1	16529	16529
3413	1	16531	16531
2532	1	16533	16533
360	1	16536	16536
377	1	16536	308481
1368	1	16538	308484
2974	1	16545	16545
2436	1	16548	16548
3028	1	16589	16589
2713	1	16595	16595
3821	1	16595	308541
3628	1	16600	24930
2535	1	16609	16609
3940	1	16609	308558
3834	1	16611	308560
1353	1	16613	16613
4099	1	16627	16627
2019	1	16652	16652
3521	1	16656	16656
1812	1	16656	308596
2521	1	16662	16662
3931	1	16664	16664
2147	1	16670	16670
3415	1	16670	308607
2166	1	16672	16672
909	1	16675	308615
1847	1	16681	16681
1251	1	16692	16692
3824	1	16694	308632
3007	1	16703	16703
3728	1	16743	308657
2136	1	16758	16758
3199	1	16758	308666
1234	1	16763	16763
757	1	16766	16766
422	1	16786	16786
3506	1	16788	16788
1383	1	16790	16790
3489	1	16793	16793
1398	1	16796	16796
2490	1	16796	16797
3457	1	16798	16798
2520	1	16806	16806
2740	1	16815	76211
1147	1	16815	308750
3727	1	16817	16817
3796	1	16818	16818
3939	1	16819	16819
3858	1	16823	308787
3248	1	16828	308790
2503	1	16834	308793
267	1	16838	16838
3180	1	16858	16858
3787	1	16863	16863
3128	1	16876	16876
3229	1	16882	16882
3561	1	16884	16884
160	1	16899	308910
2305	1	16901	16901
1865	1	16902	308939
2492	1	16902	308940
461	1	16906	308945
2255	1	16915	16915
554	1	16926	16926
2645	1	16941	16941
3246	1	16958	309047
3596	1	16961	16961
115	1	16970	16970
3163	1	16973	309056
1888	1	16981	16981
3898	1	16983	16983
3021	1	16996	16996
3392	1	16998	16998
772	1	17010	17010
3107	1	17012	17012
2697	1	17018	17018
1504	1	17019	17019
2832	1	17019	309090
2465	1	17031	17031
1098	1	17031	309102
1984	1	17033	309105
1782	1	17039	17039
3782	1	17056	21106
1661	1	17058	17058
1066	1	17060	17060
1431	1	17064	17064
3462	1	17075	17075
1277	1	17077	17077
2844	1	17079	17079
3658	1	17083	17083
468	1	17083	309146
148	1	17085	17085
213	1	17085	309151
3207	1	17116	17116
2381	1	17120	17120
2965	1	17121	17121
1951	1	17129	17129
2341	1	17131	17131
3040	1	17146	17146
1080	1	17148	17148
3936	1	17150	17150
779	1	17156	309255
1068	1	17156	309256
3421	1	17168	17168
582	1	17169	17169
1760	1	17171	17171
163	1	17174	17174
1742	1	17192	17192
897	1	17196	17196
3076	1	17200	17200
3925	1	17204	309414
3447	1	17217	17217
3870	1	17225	17225
3901	1	17226	17226
919	1	17227	17227
3124	1	17229	17229
3167	1	17229	309430
3827	1	17235	17235
3387	1	17242	17242
1721	1	17249	17249
3640	1	17260	17260
2471	1	17264	17264
583	1	17267	17267
529	1	17270	451561
1031	1	17270	451601
2475	1	17379	78052
2338	1	17381	289305
3380	1	17395	84097
676	1	17399	17399
2891	1	17400	17400
1406	1	17401	17401
22	1	17409	17409
40	1	17410	17410
474	1	17410	286953
465	1	17410	286954
1127	1	17410	286955
65	1	17410	343101
603	1	17410	343102
68	1	17411	17411
248	1	17411	286852
467	1	17411	286861
506	1	17411	286862
73	1	17411	343007
276	1	17411	343104
265	1	17411	343105
38	1	17414	17414
291	1	17414	75950
815	1	17414	458786
262	1	17414	458802
832	1	17414	458803
269	1	17414	458804
8	1	17415	17415
782	1	17415	286089
36	1	17415	286091
81	1	17415	286092
16	1	17418	17418
46	1	17420	17420
1030	1	17420	24051
35	1	17420	286956
334	1	17420	286957
464	1	17420	343011
466	1	17420	343012
103	1	17420	343103
13	1	17421	17421
130	1	17421	286762
1327	1	17421	286765
828	1	17421	342138
317	1	17421	458988
1	1	17423	17423
43	1	17426	17426
6	1	17428	17428
1928	1	17428	75955
21	1	17435	17435
2	1	17437	17437
882	1	17437	342142
869	1	17437	342143
320	1	17442	17442
24	1	17442	286086
47	1	17442	286098
55	1	17442	286109
62	1	17442	286112
333	1	17442	286113
495	1	17442	453046
106	1	17442	453047
488	1	17442	453048
311	1	17442	453086
49	1	17442	453087
487	1	17442	453088
167	1	17442	453089
328	1	17442	453090
51	1	17442	453098
52	1	17442	453099
80	1	17442	453100
64	1	17442	453101
246	1	17442	453102
76	1	17442	453103
58	1	17442	453104
70	1	17442	453105
324	1	17442	453106
259	1	17442	453113
332	1	17442	453114
589	1	17442	453115
142	1	17442	453116
89	1	17442	453117
336	1	17442	453119
330	1	17442	453120
42	1	17442	453121
87	1	17442	453122
26	1	17442	457020
37	1	17443	17443
285	1	17443	24044
72	1	17443	286116
110	1	17443	286117
253	1	17443	286118
322	1	17443	286119
54	1	17443	342141
66	1	17446	17446
75	1	17448	17448
30	1	17454	17454
17	1	17454	286139
67	1	17454	286148
985	1	17454	286150
29	1	17454	342144
31	1	17455	17455
261	1	17462	17462
33	1	17464	17464
83	1	17465	17465
688	1	17465	286766
1114	1	17465	286767
189	1	17465	286768
395	1	17465	343114
184	1	17469	17469
597	1	17469	286783
677	1	17469	286792
1015	1	17469	286794
838	1	17469	286796
325	1	17469	343005
614	1	17469	343006
69	1	17475	17475
45	1	17476	17476
25	1	17478	17478
128	1	17479	17479
59	1	17480	17480
1192	1	17480	286887
1075	1	17480	343026
2628	1	17621	312508
2041	1	17623	17623
2728	1	17626	17626
792	1	17628	17628
2913	1	17629	17629
2324	1	17629	312521
3313	1	18241	18241
438	1	18243	83125
3962	1	18245	312953
977	1	18323	285432
728	1	18323	285464
2714	1	18509	284327
500	1	18509	284340
1706	1	18525	18525
504	1	18734	287347
187	1	18741	18741
567	1	18745	287316
4005	1	18805	287545
1264	1	18810	18810
596	1	18812	18812
1768	1	18840	27714
1351	1	18840	27715
3971	1	18840	27716
3390	1	18840	27717
133	1	18840	283732
3904	1	18840	283733
1141	1	18841	18841
1361	1	18841	27719
3819	1	18841	27721
236	1	18841	283587
997	1	18841	283588
1373	1	18841	283806
2188	1	18841	322276
225	1	18842	18842
1856	1	18842	27722
2773	1	18842	27723
2834	1	18842	27725
392	1	18842	27732
1726	1	18842	283603
244	1	18842	283648
281	1	18842	283740
520	1	18842	283742
2906	1	18842	283746
3807	1	18842	322296
640	1	18843	18843
1112	1	18843	27733
1105	1	18843	27734
1076	1	18843	27736
1773	1	18843	283618
886	1	18843	283620
1104	1	18843	283623
1130	1	18843	283624
386	1	18843	283737
60	1	18843	283753
1752	1	18843	283754
3593	1	18844	18844
1072	1	18844	27740
2180	1	18844	283622
2112	1	18844	283734
1855	1	18844	283735
3188	1	18844	283811
585	1	18844	283816
962	1	18844	322287
363	1	18845	18845
1233	1	18845	27750
3886	1	18845	77567
1995	1	18845	283750
376	1	18845	283779
3704	1	18845	283780
3631	1	18845	283793
690	1	18845	283794
1713	1	18846	27752
1039	1	18846	27753
1710	1	18846	85351
292	1	18846	283727
3569	1	18846	283728
1341	1	18846	283757
1748	1	18846	283771
1356	1	18846	283772
251	1	18846	283774
399	1	18848	18848
1737	1	18848	283510
1701	1	18848	283576
1381	1	18848	283577
1294	1	18849	18849
3794	1	18849	283580
1535	1	18849	283583
2871	1	18849	283584
228	1	18849	283704
1371	1	18850	18850
1938	1	18850	27761
579	1	18850	27762
1205	1	18850	283692
3645	1	18850	283705
3817	1	18850	283706
306	1	18850	283708
3610	1	18850	283805
989	1	18850	283807
1954	1	18850	322295
2123	1	18851	27766
685	1	18851	283813
4021	1	18851	283817
254	1	18852	18852
3642	1	18852	322291
1700	1	18852	322299
1677	1	18853	18853
1279	1	18853	283594
3982	1	18853	283601
1945	1	18853	283738
1187	1	18853	322289
3613	1	18854	18854
1002	1	18854	27768
1714	1	18854	283609
277	1	18854	283612
781	1	18854	283653
2407	1	18855	27771
384	1	18855	283607
978	1	18855	283652
1329	1	18855	283747
901	1	18856	18856
569	1	18856	27773
400	1	18856	27774
2658	1	18856	283613
1727	1	18856	283615
746	1	18856	283626
788	1	18856	283808
1718	1	18856	283810
2391	1	18856	322301
2431	1	18857	18857
1026	1	18857	283718
486	1	18857	283721
1801	1	18857	322278
2480	1	18857	322282
3616	1	18858	18858
550	1	18858	283743
3615	1	18858	283744
3677	1	18858	322281
2634	1	18858	322286
594	1	18859	18859
310	1	18859	283755
282	1	18859	283756
3729	1	18859	283758
321	1	18859	283784
1806	1	18859	322275
2639	1	18861	18861
98	1	18861	283722
718	1	18861	283723
705	1	18861	283724
2992	1	18861	283726
3785	1	18863	18863
1297	1	18863	27782
2350	1	18863	283629
2703	1	18863	283630
1692	1	18863	283631
242	1	18863	283761
129	1	18863	283783
4006	1	18863	322235
165	1	18865	283764
156	1	18865	322233
3750	1	18870	18870
1846	1	18870	27796
1826	1	18870	27797
1212	1	18870	283582
2165	1	18870	283598
935	1	18870	283599
289	1	18870	283600
1885	1	18870	283739
965	1	18870	283809
2344	1	18870	322297
3493	1	18872	18872
2235	1	18872	283787
293	1	18872	283788
2330	1	18892	282925
999	1	18905	284300
1695	1	18905	284306
1253	1	18905	284307
946	1	18905	284331
294	1	18905	284332
945	1	18905	284334
2636	1	18905	340518
247	1	18905	340596
1053	1	18905	340597
1874	1	18905	372746
227	1	18908	283123
1303	1	18908	283217
2778	1	18908	347580
573	1	18908	347724
2360	1	18909	283960
1823	1	18909	283961
3912	1	18909	340599
1310	1	18910	283417
1245	1	18910	347942
3893	1	18910	454610
4007	1	18913	372145
963	1	18913	372147
3585	1	18913	445910
2442	1	18913	446407
1300	1	18914	283246
2892	1	18914	283247
3910	1	18915	451145
3989	1	18946	18946
1278	1	18946	347696
644	1	18946	347703
3532	1	18946	347704
624	1	18946	347705
1732	1	18946	347706
3978	1	18946	347715
668	1	18946	347718
2760	1	18946	347719
1054	1	18948	18948
1930	1	18948	283091
1747	1	18948	283102
839	1	18948	283133
1364	1	18948	283136
1207	1	18948	283141
2815	1	18949	283283
2464	1	18949	283309
3914	1	18949	283310
2814	1	18949	283322
1762	1	18949	445224
485	1	18951	18951
2664	1	18951	283008
27	1	18951	283009
28	1	18951	283010
491	1	18951	283017
5	1	18951	283057
19	1	18951	283058
44	1	18951	283085
18	1	18951	283099
11	1	18951	283100
20	1	18951	283125
23	1	18951	283126
95	1	18951	283127
9	1	18951	283128
14	1	18951	283131
39	1	18951	283132
3	1	18951	283206
4	1	18951	342182
1751	1	18952	18952
1711	1	18952	283540
2776	1	18952	283542
4000	1	18952	283544
1712	1	18952	283545
1719	1	18952	283547
329	1	18952	283553
1693	1	18952	283554
1027	1	18952	283555
854	1	18980	340124
1302	1	18980	340131
4009	1	18980	340132
1724	1	18980	340133
1717	1	18980	340135
2040	1	18980	340136
2207	1	18980	340138
834	1	18980	340142
2806	1	18980	340144
1093	1	19004	19004
2748	1	19006	19006
3919	1	19006	285750
3905	1	19007	19007
861	1	19007	285764
179	1	19007	285765
3987	1	19008	285789
941	1	19010	19010
2862	1	19010	285597
647	1	19010	285598
3529	1	19013	285589
323	1	19018	285766
4034	1	19021	285795
2750	1	19021	285797
239	1	19021	285803
1230	1	19025	19025
2935	1	19047	283351
2657	1	19083	283117
134	1	19083	442467
2588	1	19228	288427
403	1	19228	289115
731	1	19228	338285
1056	1	19294	283572
3896	1	19294	289111
1347	1	19294	289160
3179	1	19323	284133
514	1	19325	284124
96	1	19325	284127
2803	1	19334	285230
2856	1	19334	285233
1036	1	19338	447206
3879	1	19342	19342
4023	1	19342	452276
298	1	19351	283925
3894	1	19370	19370
3959	1	19370	285138
661	1	19388	19388
584	1	19407	19407
2860	1	19409	19409
2782	1	19424	285977
284	1	19461	19461
1256	1	19470	19470
3997	1	19834	287524
657	1	19941	19941
852	1	19942	19942
2660	1	19942	283713
2656	1	19944	19944
153	1	19944	283716
1064	1	19953	283900
1260	1	19953	283903
1044	1	19953	283906
3895	1	19953	284101
151	1	19953	284225
1255	1	19953	345508
3899	1	19953	345509
15	1	19955	283501
2745	1	19955	283504
1282	1	19955	283511
1683	1	19955	283915
3887	1	19955	283916
2097	1	19955	283918
865	1	19955	283920
565	1	19955	283928
703	1	19955	283930
257	1	19955	283931
2118	1	19955	283932
2567	1	19955	454064
527	1	19955	454065
91	1	19957	284503
3580	1	19957	285157
2050	1	19957	285159
521	1	19957	285160
2104	1	19957	285161
150	1	19968	19968
161	1	19968	284502
340	1	19971	19971
837	1	19972	460903
2272	1	19972	460908
2309	1	19981	283145
1301	1	19981	283146
3550	1	19981	283150
727	1	19981	283155
2686	1	19981	283161
1263	1	19981	283163
824	1	19981	283166
2303	1	19981	349531
463	1	19981	445758
2768	1	19981	445763
3141	1	19981	445764
1959	1	19981	445765
121	1	19981	445766
2418	1	19981	445767
2232	1	19981	445770
2724	1	19981	454059
936	1	19981	454061
2720	1	19982	283215
1214	1	19982	283268
4101	1	19982	283269
1286	1	19982	283275
2522	1	19982	283276
2908	1	19982	446062
112	1	19982	446063
1696	1	19982	446133
2770	1	19982	446134
933	1	19982	446241
2723	1	19982	446243
655	1	19989	19989
50	1	19990	19990
185	1	19990	337873
138	1	19990	342391
2544	1	19996	283522
2721	1	20009	20009
2459	1	20217	20217
604	1	20237	283379
1348	1	20237	346666
3917	1	20238	340928
1686	1	20243	20243
296	1	20243	287344
2502	1	20247	283003
1335	1	20247	283006
3892	1	20247	283033
697	1	20247	327835
2541	1	20250	283365
2875	1	20254	20254
1753	1	20255	287318
2901	1	20318	372387
3986	1	20321	394161
2758	1	20323	282910
1716	1	20323	282912
2937	1	20493	308816
2185	1	20520	20520
1587	1	20608	20608
1619	1	20609	20609
2234	1	20655	20655
3714	1	20656	20656
2230	1	20656	308866
2583	1	20656	308868
3056	1	20657	308872
563	1	20658	20658
2635	1	20737	20737
2429	1	20788	20788
2452	1	20789	20789
1830	1	20789	21956
3388	1	20790	20790
1021	1	20790	308950
312	1	20790	308954
3621	1	20807	20807
3362	1	20830	20830
3358	1	20830	309003
1920	1	20831	20831
575	1	20832	20832
665	1	20834	309034
2932	1	20837	20837
1403	1	20838	20838
3182	1	20848	20848
379	1	20849	20849
1479	1	20914	20914
2015	1	20915	21927
1522	1	20957	20957
2055	1	20984	22894
3423	1	21424	21424
818	1	21528	21528
2089	1	21630	21630
3670	1	21685	21685
1738	1	21777	309346
1636	1	21805	21805
1802	1	21879	21879
4022	1	21916	451151
154	1	21954	21954
243	1	21954	309348
534	1	21998	21998
2225	1	22118	22118
3583	1	22118	308883
2895	1	22118	341378
4008	1	22122	309263
2405	1	22122	309265
1220	1	22123	22123
2641	1	22127	338057
3822	1	22146	22146
3230	1	22182	22182
671	1	22188	22188
3206	1	22239	22239
2148	1	22240	22240
3085	1	22240	309630
2463	1	22257	328668
1463	1	22265	22265
2094	1	22328	22328
3494	1	22369	22369
662	1	22370	22370
1925	1	22394	22394
1316	1	22394	286039
449	1	22394	286218
472	1	22394	286219
966	1	22394	286220
708	1	22394	286227
1022	1	22394	286234
455	1	22394	286235
986	1	22394	286237
2790	1	22394	286238
545	1	22394	347301
3636	1	22403	309653
3679	1	22403	309654
2262	1	22421	22421
684	1	22421	309671
1665	1	22422	22422
2380	1	22453	22453
3453	1	22481	22481
2509	1	22560	22560
1047	1	22561	22561
1936	1	22563	22563
1483	1	22586	22586
2446	1	22586	322622
3885	1	22588	22588
3082	1	22589	22589
921	1	22590	24398
2101	1	22599	22599
2158	1	22605	25032
1594	1	22662	309832
2498	1	22665	22665
2551	1	22666	24365
1485	1	22666	309875
3354	1	22686	22686
1194	1	22687	309881
371	1	22692	22692
971	1	22693	22693
2479	1	22693	309907
1231	1	22695	22695
1807	1	22695	309923
1505	1	22696	22696
2811	1	22699	309933
1489	1	22700	22700
1977	1	22703	22703
1413	1	22719	22719
1755	1	22740	22740
2312	1	22740	309967
3985	1	22741	22741
2345	1	22742	22742
1071	1	22743	22743
1478	1	22744	22744
1861	1	22763	22763
2662	1	22763	310027
3156	1	22763	310028
1122	1	22780	22780
3233	1	22835	22835
1096	1	22836	22836
278	1	22879	22879
1515	1	22888	22888
2382	1	22908	22908
3039	1	22917	22917
1210	1	22922	310188
2940	1	22925	310205
3597	1	22949	22949
86	1	22951	310235
493	1	22953	310248
3937	1	22953	310256
3445	1	22955	22955
1824	1	23016	23016
879	1	23029	310197
2018	1	23051	23051
3586	1	23052	23052
2216	1	23053	23053
2433	1	23085	23085
2164	1	23090	23090
1109	1	23149	286134
3915	1	23149	286314
2416	1	23149	286318
670	1	23149	286321
2311	1	23149	286325
2572	1	23149	286330
2757	1	23149	286337
3567	1	23149	286339
612	1	23149	441047
833	1	23180	372910
1216	1	23180	372920
1228	1	23180	393795
3223	1	23380	23380
3322	1	23393	23393
3566	1	23398	23398
1321	1	23405	23405
3099	1	23628	23628
2222	1	23655	23655
3601	1	23907	23907
1841	1	24061	286132
931	1	24061	286633
428	1	24061	286635
2393	1	24212	24212
3668	1	24340	24340
3768	1	24340	310355
2090	1	24354	24354
3036	1	24355	24355
3073	1	24355	310352
2233	1	24367	24367
4106	1	24368	24368
3680	1	24368	310402
97	1	24369	24369
3516	1	24370	24370
625	1	24446	24446
2103	1	24448	24448
2709	1	24451	24451
3599	1	24452	24452
884	1	24508	24508
3825	1	24509	24509
1952	1	24552	24552
2122	1	24554	24554
1603	1	24555	24555
1917	1	24626	24626
3808	1	24626	310801
3591	1	24626	310808
2854	1	24675	285574
3873	1	24681	310517
410	1	24682	24682
218	1	24682	310733
2767	1	24731	289079
3907	1	24733	288868
2632	1	24733	394350
2517	1	24736	289162
2869	1	24736	289166
1312	1	24736	289173
1028	1	24738	284239
357	1	24738	284268
2079	1	24738	335876
544	1	24738	345776
3280	1	24778	24778
3889	1	24780	24780
3617	1	24782	24782
4098	1	24785	24785
982	1	24787	24787
2646	1	24790	24790
2510	1	24791	24791
3849	1	24798	24798
1043	1	24822	24822
3812	1	24848	24848
3263	1	24849	328657
2981	1	24851	24851
127	1	24852	24852
315	1	24859	24859
1825	1	24860	24860
1781	1	24860	329259
1791	1	24862	24862
1833	1	24863	24863
1627	1	24866	24866
1767	1	24867	24867
1241	1	24876	24876
304	1	24876	284455
3990	1	24876	284650
2630	1	24876	284654
1322	1	24876	445200
1728	1	24876	445202
1672	1	24892	24892
3669	1	24893	24893
696	1	24894	24894
2696	1	24902	24902
843	1	24903	24903
3024	1	24903	310540
2138	1	24904	24904
201	1	24907	24907
1225	1	24909	24909
2923	1	24917	310589
926	1	24926	24926
2698	1	24930	24930
3792	1	24930	310917
1625	1	24996	310655
2096	1	24998	24998
2191	1	24998	310658
1857	1	24999	24999
938	1	25000	25000
2135	1	25001	25001
3200	1	25003	25003
3755	1	25104	25104
209	1	25162	310760
2788	1	25164	25164
2248	1	25166	25166
2708	1	25172	25172
3376	1	25205	310739
3327	1	25206	25206
2961	1	25213	25213
903	1	25216	310788
519	1	25297	25297
175	1	25321	85282
111	1	25353	25353
2045	1	25368	85274
2221	1	25374	25374
1840	1	25416	25416
3482	1	25418	25418
2968	1	25419	25419
3382	1	25419	311008
3705	1	25421	25421
2085	1	25423	25423
2448	1	25438	372945
1798	1	25438	372952
2889	1	25557	25557
1540	1	25628	25628
361	1	25628	311025
2933	1	25659	311035
3665	1	25667	25667
3098	1	25668	25668
374	1	25725	25725
1725	1	25789	25789
3684	1	25791	25791
2527	1	25797	25797
3137	1	25806	25806
672	1	25808	25808
1116	1	25870	25870
3526	1	25870	26595
774	1	25872	25872
518	1	25874	25874
566	1	25876	25876
3295	1	25885	311079
4029	1	25892	25892
3960	1	25906	25906
180	1	25908	25908
2297	1	25910	25910
2476	1	25911	25911
3730	1	25912	25912
1189	1	25914	25914
3061	1	25934	25934
2091	1	25936	25936
1770	1	25939	25939
1440	1	25939	311155
3603	1	25941	25941
1305	1	25943	25943
1246	1	25943	311160
3749	1	25945	25945
2550	1	25981	25981
3551	1	25985	25985
2319	1	26065	26065
183	1	26097	26097
673	1	26356	284630
2943	1	26356	285104
2663	1	26356	285253
4001	1	26356	285272
2882	1	26442	26442
2397	1	26675	26675
383	1	26678	311294
3773	1	26679	26679
3454	1	27259	27259
748	1	27260	27260
2126	1	27264	27264
3395	1	27265	27265
2252	1	27267	27267
2251	1	27267	311413
3232	1	27269	27269
2154	1	27269	311436
3674	1	27271	311459
1556	1	27272	27272
2888	1	27273	284741
2665	1	27273	284746
1858	1	27273	285091
868	1	27273	285257
2127	1	27273	339255
968	1	27315	27315
2438	1	27321	27321
1337	1	27321	444067
2206	1	27321	444070
654	1	27321	444071
836	1	27321	444073
3926	1	27328	447199
4014	1	27333	27333
2936	1	27814	84808
2650	1	27814	283208
190	1	27814	346958
2934	1	28020	28020
1299	1	28021	28021
1795	1	28508	28508
2774	1	28508	340697
686	1	28508	340704
3646	1	28734	28734
1103	1	28735	28735
817	1	28735	311331
2175	1	28736	311332
749	1	28737	28737
689	1	28738	28738
2990	1	28739	28739
3512	1	28740	28740
2957	1	28744	28744
3333	1	28744	311340
1399	1	28746	28746
1362	1	28748	28748
855	1	28751	28751
2960	1	28752	28752
3667	1	28754	28754
522	1	28879	28879
539	1	28880	28880
3326	1	28939	28939
3359	1	29033	29033
3503	1	29044	300673
2387	1	29045	29045
1621	1	29046	29046
2726	1	29050	300821
2699	1	29055	29055
3386	1	29056	29056
3949	1	29058	29058
204	1	29061	29061
1139	1	29063	29063
538	1	29064	29064
656	1	29066	311765
2606	1	29131	286047
3995	1	29131	286541
2711	1	29131	440425
2523	1	29131	440427
1892	1	29201	29201
84	1	29204	283967
851	1	29204	283968
1019	1	29204	283969
3930	1	29315	29315
710	1	29317	29423
1017	1	29317	289052
620	1	29339	29339
4100	1	29374	283423
1733	1	29374	283437
421	1	29374	283440
943	1	29374	283442
1707	1	29374	283517
1763	1	29374	283520
1705	1	29374	283521
2236	1	29374	335960
858	1	29374	446616
499	1	29374	446617
2553	1	29374	446618
2028	1	29374	446621
1722	1	29374	446624
2772	1	29374	446626
2328	1	29411	29411
2178	1	29676	29676
74	1	29775	29775
53	1	29775	287346
57	1	29775	287349
162	1	29969	29969
3623	1	75107	75107
3123	1	75108	75108
3183	1	75110	75110
1756	1	75111	75111
1919	1	75117	75117
984	1	75118	75118
2009	1	75120	75120
2701	1	75123	75123
402	1	75124	312124
3852	1	75124	312134
144	1	75161	75161
3438	1	75164	75164
3481	1	75166	75166
2881	1	75170	75170
3859	1	75170	86098
141	1	75171	75171
3534	1	75179	312557
2160	1	75181	75181
754	1	75183	75183
2171	1	75187	75187
3250	1	75191	75191
3177	1	75191	76776
157	1	75191	445826
2145	1	75588	75588
3335	1	75621	75621
3383	1	75624	75624
716	1	75625	75625
3194	1	75629	312268
1538	1	75642	75642
2976	1	75659	75659
600	1	75665	75665
3035	1	75670	312340
2613	1	75679	312345
2146	1	75685	75685
3500	1	75685	312346
2677	1	75718	75718
3504	1	75718	312371
268	1	75727	75727
2500	1	75730	77729
2739	1	75738	330366
3071	1	75740	75740
1067	1	75747	75747
813	1	75752	75752
959	1	75752	77751
3025	1	75762	75762
1645	1	75763	75763
3045	1	75767	75767
3271	1	75804	75804
3432	1	75810	75810
1336	1	75812	77811
3660	1	75824	75824
2997	1	75826	75826
3224	1	75827	75827
3154	1	75832	75832
2675	1	75835	75835
1010	1	75838	75838
3145	1	75839	75839
3463	1	75843	75843
1869	1	75844	75844
2683	1	75845	75845
3466	1	75852	75852
1549	1	75860	75860
3929	1	75888	75888
1772	1	75936	75936
3456	1	76221	84582
1607	1	76221	348615
2804	1	76287	312608
1544	1	76312	76312
3793	1	76314	76314
687	1	76316	76316
4030	1	76327	76327
2451	1	76328	288858
1082	1	76350	76350
2877	1	76350	76784
1209	1	76350	78359
2621	1	76350	80945
1430	1	76365	445510
114	1	77246	77246
1902	1	77542	77542
1330	1	77573	77573
816	1	77585	77585
1352	1	77864	77864
3034	1	77865	312659
3726	1	77866	77866
802	1	77866	312660
1493	1	77892	348667
2648	1	77897	78892
373	1	77898	78160
3178	1	77903	78967
2956	1	77904	447279
2743	1	77907	77907
613	1	77907	445321
2564	1	77910	84237
3109	1	77913	79096
2320	1	77913	445351
1650	1	77913	445361
2203	1	77914	78378
2821	1	79861	79861
4017	1	79862	79862
1935	1	79863	79863
3530	1	79910	79910
3514	1	79940	79940
118	1	79941	79941
3780	1	79941	328050
1744	1	79941	329886
3850	1	79942	79942
1674	1	79942	283731
1708	1	79943	79943
3365	1	79949	79949
3805	1	79961	79961
2766	1	79962	79962
1878	1	79965	79965
3872	1	79976	79976
3412	1	80005	80005
2294	1	80013	80013
880	1	80017	80017
2377	1	80116	83144
2870	1	80116	312968
2213	1	80118	80118
1521	1	80120	313026
2897	1	80122	80122
2374	1	80126	313068
1635	1	80132	313105
3948	1	80149	80149
1688	1	80149	313182
3143	1	80167	80167
2116	1	80169	80169
2579	1	80174	80174
245	1	80174	313282
342	1	80175	80175
2093	1	80198	313373
3112	1	80198	313375
3157	1	80204	80204
1376	1	80206	80206
3149	1	80206	313404
3175	1	80211	80211
1387	1	80213	313435
1038	1	80218	80218
2058	1	80219	0
2029	1	80219	80219
1559	1	80219	313456
3958	1	80223	80223
876	1	80225	80225
1835	1	80228	80228
2670	1	80261	80261
3938	1	80262	313568
1908	1	80265	80265
337	1	80272	313586
2867	1	80287	80287
2622	1	80289	80289
2511	1	80291	313616
1570	1	80293	80293
532	1	80294	80294
4003	1	80301	80301
1444	1	80305	313660
896	1	80308	80308
1435	1	80312	80312
1465	1	80314	313678
2798	1	80314	313681
3410	1	80315	80315
2017	1	80316	80316
1469	1	80317	80317
1653	1	80320	80320
2830	1	80322	80322
1366	1	80330	80330
3330	1	80332	80332
1600	1	80332	313724
1367	1	80333	80333
1623	1	80335	313728
1437	1	80335	313729
1391	1	80340	80340
1436	1	80365	313795
2008	1	80366	313802
3411	1	80382	80315
1985	1	80392	80392
3281	1	80396	80396
2376	1	80398	313869
2515	1	80400	80400
355	1	80401	80401
2674	1	80405	313884
2352	1	80409	80409
3606	1	80410	80410
2392	1	80411	80411
3746	1	80417	80417
3845	1	80419	80419
223	1	80422	80422
810	1	80424	80424
2457	1	80424	314041
2859	1	80425	80425
2351	1	80425	314048
1034	1	80426	80426
3101	1	80427	80427
2437	1	80427	314060
1687	1	80427	328024
767	1	80435	80435
2307	1	80435	314083
1775	1	80436	314093
2977	1	80440	80440
709	1	80442	80442
1012	1	80443	80443
2202	1	80445	80445
2323	1	80446	80446
146	1	80447	328039
2792	1	80448	80448
928	1	80450	80450
756	1	80461	80461
208	1	80463	80463
3051	1	80464	80464
3367	1	80465	80465
3518	1	80467	80467
1117	1	80468	80468
3364	1	80470	80470
1377	1	80471	80471
3458	1	80479	80479
3069	1	80481	80481
3371	1	80483	80483
3425	1	80484	80484
983	1	80492	80492
1784	1	80493	80493
3465	1	80497	80497
3477	1	80502	80502
388	1	80503	80503
2954	1	80506	80506
240	1	80511	314334
3297	1	80515	80515
3053	1	80517	80517
2483	1	80519	80519
3272	1	80524	80524
221	1	80524	314361
2004	1	80529	80529
3449	1	80536	80536
2681	1	80536	314404
450	1	80541	80541
1011	1	80543	80543
419	1	80545	80545
1698	1	80548	314462
48	1	80549	80549
1393	1	80550	314465
3110	1	80551	80551
3786	1	80557	80557
1630	1	80558	80558
1638	1	80558	327996
1414	1	80565	80565
1145	1	80565	314507
2563	1	80573	80573
1944	1	80575	80575
63	1	80576	80576
2857	1	80581	314587
1948	1	80587	80587
1545	1	80591	80591
3964	1	80601	80601
2212	1	80602	80602
408	1	80604	80604
3302	1	80607	80607
1815	1	80610	80610
2402	1	80610	314685
2132	1	80614	80614
3239	1	80615	80615
2327	1	80617	314712
920	1	80618	80618
2047	1	80629	80629
2173	1	80631	80631
3274	1	80642	80642
1534	1	80643	80643
212	1	80645	80645
2414	1	80651	80651
2837	1	80660	80660
3405	1	80662	80662
2069	1	80674	80674
1280	1	80679	80679
2111	1	80681	314903
1923	1	80682	80682
3682	1	80684	80684
3731	1	80684	314938
2156	1	80686	80686
558	1	80689	80689
2293	1	80690	80690
2434	1	80691	80691
3685	1	80692	80692
3877	1	80693	80693
3172	1	80696	80696
4027	1	80699	80699
1942	1	80700	80700
2547	1	80718	80718
431	1	80750	80750
1099	1	80836	312726
416	1	80853	80853
642	1	80931	80931
3836	1	80931	84445
2200	1	82358	82358
3984	1	83031	79120
3499	1	83031	288974
149	1	84044	84044
2488	1	84044	282948
1731	1	84044	282949
3570	1	84044	282957
300	1	84044	282958
580	1	84044	282960
233	1	84044	282961
1740	1	84044	282965
1730	1	84044	282966
2623	1	84046	84823
3745	1	84046	84826
2753	1	84046	84827
326	1	84046	283769
1238	1	84046	322236
630	1	84046	342281
1780	1	84051	84051
1324	1	84051	84814
3699	1	84051	84815
396	1	84051	283655
250	1	84051	283786
3267	1	84606	83826
1792	1	84606	84606
2800	1	84606	324314
3226	1	84606	347062
3399	1	84606	447244
669	1	84631	84631
305	1	84754	84754
1073	1	84858	345731
944	1	84973	84973
2271	1	85388	85388
3284	1	85483	312750
2348	1	85491	85491
1395	1	85492	85492
1921	1	85498	85498
1174	1	85519	85519
508	1	85520	85520
1659	1	85545	0
2443	1	85549	85549
1533	1	85553	83782
3967	1	85556	85556
1517	1	85557	85557
3305	1	85560	312826
1660	1	85561	85561
621	1	85563	85563
3030	1	85565	85565
1405	1	85572	85572
3976	1	85574	85574
1486	1	85605	85605
2285	1	85605	312876
809	1	85606	85606
3935	1	85607	85607
3681	1	85626	85626
2411	1	85626	312895
3409	1	85662	85662
3431	1	85689	85689
768	1	85893	85893
2368	1	85893	286609
2364	1	85893	286610
443	1	85893	286611
2342	1	85893	286613
2356	1	85893	286614
2369	1	85893	286615
2415	1	85893	286617
707	1	85893	286618
1972	1	85893	286619
664	1	85893	286620
790	1	85893	286621
433	1	85893	286630
2358	1	85893	338353
2354	1	85893	455520
2016	1	85893	455521
2406	1	85893	455609
2359	1	85893	455610
611	1	85893	455611
1974	1	85893	455612
2370	1	85893	455613
932	1	85893	455618
2408	1	85893	455619
434	1	85893	455620
2413	1	85893	455621
2006	1	85893	455642
3001	1	85942	85942
339	1	85946	85946
1590	1	85948	85948
1224	1	85949	85949
1622	1	85949	301015
2898	1	85962	76282
1193	1	85962	76961
734	1	85962	78174
3918	1	85962	78240
1161	1	85962	78371
1201	1	85962	78393
1126	1	85962	78429
1138	1	85962	78676
1250	1	85962	78986
1184	1	85962	79297
1148	1	85962	79338
1293	1	85962	86190
1119	1	85962	286415
1507	1	85962	286442
952	1	85962	286532
188	1	85962	286534
1226	1	85962	286540
3584	1	85962	286553
125	1	85962	286716
1152	1	85962	286828
1202	1	85962	287035
4016	1	85962	287132
808	1	86008	86008
367	1	86008	330662
3448	1	86110	86110
2258	1	86114	86114
2546	1	86122	86122
1320	1	86137	86137
1326	1	86137	284634
1032	1	86137	284636
918	1	86137	284638
803	1	86137	285061
266	1	86138	285086
2886	1	86138	339215
3902	1	86138	339216
753	1	86138	339327
4031	1	86138	339577
2880	1	86138	339578
3961	1	86138	339580
2529	1	86138	339581
2640	1	86138	339691
1296	1	86147	86147
1409	1	86215	86215
3770	1	86458	86458
414	1	86514	86514
1555	1	86529	301043
3102	1	86565	86565
2756	1	86565	285809
1274	1	86565	285811
934	1	86565	342635
3553	1	86565	342744
140	1	86565	342746
2478	1	86565	441729
139	1	86565	441730
3476	1	86603	86603
1506	1	86615	86615
744	1	86619	86619
3671	1	86620	86620
633	1	86621	350833
889	1	86622	86622
3080	1	86629	86629
2026	1	86629	331401
3315	1	86632	86632
2805	1	86632	343040
3777	1	86639	86639
352	1	86640	86640
1743	1	86667	86667
4025	1	86671	86671
1340	1	86684	86684
3928	1	86684	282945
1746	1	86684	282963
3957	1	86684	283004
4020	1	86684	283035
3980	1	86684	283061
2580	1	86708	86708
764	1	86709	86709
3795	1	86710	86710
2410	1	86712	86712
1998	1	86713	86713
509	1	86714	86714
2755	1	86715	86715
635	1	86716	86716
2819	1	86720	86720
1810	1	86721	86721
1514	1	86722	86722
2131	1	86726	86726
2921	1	86734	86734
2518	1	86735	86735
745	1	86739	86739
2366	1	86740	86740
362	1	86743	342551
2591	1	86743	342587
135	1	86744	86744
950	1	86746	86746
3127	1	86746	342984
3303	1	86747	86747
960	1	86749	86749
3548	1	86752	86752
378	1	86753	86753
786	1	86754	86754
2700	1	86757	86757
2673	1	86834	86834
1689	1	86839	86839
10	1	86900	86900
1884	1	86901	86901
444	1	86915	86915
3999	1	86922	86922
1891	1	86935	86935
2571	1	86955	86955
2151	1	86964	86964
3377	1	86965	86965
780	1	86991	86991
1837	1	86996	86996
2192	1	86997	86997
1580	1	87000	87000
3783	1	87002	87002
1433	1	87006	87006
2137	1	87007	87007
2325	1	87014	87014
939	1	87016	87016
1077	1	87018	87018
588	1	87036	87036
2056	1	87071	87071
3810	1	87074	87074
1876	1	87079	87079
369	1	87084	87084
1089	1	87085	87085
2109	1	87098	87098
866	1	87101	87101
164	1	87103	87103
3748	1	87103	338180
132	1	87104	87104
1929	1	87117	87117
3717	1	87118	87118
71	1	87120	87120
3041	1	87253	87253
1883	1	87279	87279
3186	1	87296	87296
3693	1	87305	87305
1934	1	87336	87336
3170	1	87342	87342
1392	1	87345	87345
2959	1	87348	87348
3184	1	87356	87356
3181	1	87388	87388
2624	1	87398	87398
3227	1	87400	87400
3286	1	87403	87403
2813	1	87406	87406
3687	1	87413	87413
2054	1	87420	87420
3291	1	87424	87424
850	1	87426	87426
2277	1	87437	87437
3079	1	285310	285310
481	1	285311	285311
1459	1	286453	445333
3433	1	286455	1647
3485	1	286456	77933
3033	1	286456	286456
2864	1	286457	82680
1598	1	286459	445514
2791	1	286460	450597
3853	1	286461	445384
2607	1	286468	348661
683	1	286468	445850
510	1	286468	446970
1229	1	286470	286470
610	1	286470	348642
3349	1	286474	79752
2420	1	286476	77200
1584	1	286478	348657
2462	1	286480	79353
2121	1	286480	79354
1418	1	286481	79762
1578	1	286481	79776
1964	1	286483	286483
3373	1	286485	79279
3478	1	286485	79290
108	1	286485	447284
3862	1	286487	445330
3922	1	286488	286488
2831	1	286488	288710
3394	1	287645	78126
302	1	287756	287770
3908	1	287756	287844
303	1	287756	287848
1342	1	287756	442299
2577	1	288145	285526
895	1	288145	285864
1288	1	288145	286270
2470	1	288145	286272
712	1	288145	286273
2554	1	288145	286849
2562	1	288145	287226
1033	1	288145	287227
533	1	288145	287425
961	1	288145	287440
996	1	288163	288163
2300	1	288163	289375
1709	1	288163	289378
1235	1	315118	283575
1265	1	315118	327819
947	1	322933	322933
949	1	322936	322936
1530	1	322939	322939
807	1	322941	322941
4002	1	322942	322942
2439	1	322947	322947
2060	1	322948	322948
1428	1	322971	322971
2081	1	323028	323028
417	1	323029	323029
923	1	323030	323030
2042	1	323034	323034
2690	1	327197	327197
3702	1	327207	327207
2355	1	327222	327222
1666	1	327227	327227
3520	1	327234	327234
3342	1	327235	327235
2912	1	327240	327240
3664	1	327241	327241
1901	1	327243	327243
1643	1	327246	348648
1496	1	327248	445856
2383	1	327249	327249
1421	1	327250	327250
2141	1	327251	327251
3307	1	327254	327254
1162	1	329307	330694
2775	1	329307	330753
3897	1	329307	330758
1094	1	329307	330761
2453	1	333068	440557
2896	1	333073	440527
1185	1	333077	337653
1129	1	333077	337657
1839	1	333913	341556
1244	1	333913	460634
1611	1	335723	341076
3880	1	335723	341082
2073	1	335724	341045
2637	1	335725	335725
1191	1	335725	342948
496	1	339677	339677
505	1	339677	342437
3996	1	341215	341215
3900	1	345910	284252
2722	1	345910	284254
1338	1	347024	347024
2654	1	347026	347026
210	1	347028	347028
1694	1	347934	347934
750	1	348426	348426
1266	1	348636	350082
3091	1	348636	350084
1243	1	348681	348681
32	1	351113	351113
287	1	351113	371397
193	1	351113	371398
93	1	351113	371399
475	1	351113	371400
78	1	351113	371401
274	1	351113	449372
1769	1	371221	371221
1323	1	371221	444582
543	1	371227	450547
2919	1	394221	439882
478	1	394307	440273
2797	1	394307	440363
881	1	439881	450685
912	1	439881	450690
1295	1	439881	450733
107	1	440921	441049
841	1	440921	441093
3659	1	442532	442532
2594	1	442533	442533
770	1	442534	442534
3843	1	442535	442535
1785	1	442536	442536
1100	1	442537	442537
570	1	442538	442538
3214	1	442539	442539
1986	1	442542	442542
3562	1	442700	442700
3778	1	442701	442701
3944	1	442705	442705
1849	1	442708	442708
171	1	443639	443639
592	1	443639	443721
308	1	443639	443752
470	1	443639	443753
104	1	443639	443754
301	1	443639	443755
344	1	443639	443756
295	1	443639	443763
3479	1	443699	443699
2841	1	444019	444019
3547	1	444020	444020
3470	1	445072	447953
2736	1	445074	447784
2771	1	445077	447717
2445	1	445082	447465
1680	1	445083	445083
1860	1	445083	448196
3320	1	445089	445089
1005	1	445092	447787
1678	1	445104	450725
3160	1	445111	447740
3450	1	445113	445113
3618	1	445115	445115
643	1	445116	445116
3522	1	445118	448093
2910	1	445122	447359
2967	1	445131	447729
1070	1	445134	445134
2966	1	445138	445138
2256	1	445140	445140
3150	1	445168	445168
658	1	445205	445205
2455	1	445274	449229
3533	1	445274	449243
1218	1	445274	449247
2586	1	445274	449251
3608	1	450055	450055
629	1	450056	450056
515	1	450057	450057
427	1	450058	450058
512	1	450060	450060
101	1	450061	450061
2239	1	450063	450063
2080	1	450065	450065
1914	1	450094	450094
1037	1	450095	450095
1890	1	450096	450096
2021	1	450099	450099
2887	1	450101	450101
2823	1	450109	450109
953	1	450113	450113
1014	1	450149	450149
3590	1	450198	450198
2280	1	450199	450199
2482	1	450202	450202
1343	1	450204	450204
2053	1	450214	450214
557	1	450217	450217
3552	1	450397	450397
387	1	450400	450400
2363	1	450401	450401
2581	1	450402	450402
4018	1	450404	450404
2027	1	450445	450445
2764	1	450446	450446
2491	1	450488	450488
2296	1	450569	450569
2161	1	450590	450590
1848	1	450611	450611
1007	1	450613	450613
717	1	450614	450614
3798	1	450636	450636
3816	1	450638	450638
1146	1	450639	450639
1333	1	450692	450750
1916	1	450692	450758
439	1	450692	450762
2718	1	451246	454616
2454	1	451417	451417
2653	1	451618	451618
2667	1	451722	451722
1702	1	451722	452096
559	1	451774	451774
873	1	451792	451792
3826	1	451849	451849
120	1	452057	452057
908	1	452059	452059
2486	1	452062	452062
1899	1	452064	452064
3888	1	452065	452065
564	1	452066	452066
2322	1	452155	452155
526	1	452157	452157
605	1	452160	452160
3641	1	452556	452556
372	1	452567	452567
2925	1	454300	455283
1671	1	454300	455285
3956	1	454300	455288
484	1	454300	455289
905	1	455063	455679
275	1	455063	455680
1729	1	455063	455757
3979	1	455063	455759
420	1	455162	455162
3647	1	455169	455169
523	1	455171	455171
723	1	455173	455173
3711	1	455177	455177
2133	1	455181	455181
2902	1	455193	459702
1232	1	455649	371401
280	1	455649	455649
77	1	455651	455651
41	1	455652	455652
4004	1	456778	456778
2139	1	456778	459308
3903	1	456778	459379
2447	5	18950	288148
3882	5	18950	288167
3881	5	18950	337940
3542	62501	338607	340867
350	62501	338607	341014
2007	62501	338607	372764
